ID;SKU;VARIANT_ID;CATEGORIES;NAME;PRICE;STOCK;DESCRIPTION
206365318;2;861325171;23566647;VISOR AXXIS MT-V-24 MAX VISION CLEAR;444444;1;Prueba 124
206365321;3;861325174;23566647;ALFORJA P/ BICI;444444;1;Prueba 125
206365322;5;861325175;23566647;ALFORJA CUERINA;444444;1;Prueba 127
206365323;6;861325176;23566647;ALFORJA CUERO RENEGADE;444444;1;Prueba 128
206365324;7;861325177;23566647;ALFORJA CUSTOM;444444;1;Prueba 129
206365325;8;861325178;23566647;ALFORJA CUSTOM GOMA ROUTE 66 BOLSILLO;444444;1;Prueba 130
206365327;9;861325182;23566647;ALFORJAS LATERALES 100% IMPERMEBLE ART 001;444444;1;Prueba 131
206365328;10;861325183;23566647;TAPA PIÑON H. XR 250 JP PLASTICA MXR;444444;1;Prueba 132
206365331;11;861325186;23566647;ALFORJA TIPO GIVI;444444;1;Prueba 133
206365333;12;861325188;23566647;BOLSO PORTA HERRAMIENTAS HONDA/YAMAHA;444444;1;Prueba 134
206365336;13;861325191;23566647;ALFORJA PISTERA ART 601;444444;1;Prueba 135
206365339;14;861325194;23566647;AMORT. H. LEAD DEL.;444444;1;Prueba 136
206365340;15;861325195;23566647;BARRERO VARIOS;444444;1;Prueba 137
206365341;16;861325196;23566647;BASE P/BAUL GIVI MONOLOCK;444444;1;Prueba 138
206365343;17;861325198;23566647;BASE P/BAUL GIVI UNV. GRANDE;444444;1;Prueba 139
206365344;18;861325199;23566647;BAUL GIVI 23 LTS. NEGRO C/REFL;444444;1;Prueba 140
206365345;19;861325200;23566647;BAUL GIVI 26 LTS. NEGRO;444444;1;Prueba 141
206365348;20;861325203;23566647;BAUL GIVI 26 LTS. MONOLOCK C/REFL MICRO;444444;1;Prueba 142
206365350;21;861325210;23566647;BAUL GIVI 30 LTS. NEGRO;444444;1;Prueba 143
206365352;22;861325217;23566647;BAUL GIVI 39 LTS. CUADRADO ECONOMICO;444444;1;Prueba 144
206365353;23;861325224;23566647;BAUL GIVI 42 LTS. MONOLOCK;444444;1;Prueba 145
206365356;24;861325235;23566647;BAUL GIVI 45 LTS. NEGRO C/LUZ;444444;1;Prueba 146
206365358;26;861325246;23566647;BAUL VC 45 LTS PARA 2 CASCOS;444444;1;Prueba 147
206365362;27;861325259;23566647;PARAB. Y. XTZ 250 LANDER;444444;1;Prueba 148
206365363;28;861325273;23566647;BOLSILLO P/ TANQUE H. CG TITAN;444444;1;Prueba 149
206365365;29;861325283;23566647;EQUIPO LLUVIA TYMMO A-32 EVERESTT;444444;1;Prueba 150
206365366;30;861325292;23566647;BOLSO FLETERO ECONOMICO RIDERC;444444;1;Prueba 151
206365370;31;861325302;23566647;BOLSO HERRAMIENTAS CUSTOM;444444;1;Prueba 152
206365371;32;861325308;23566647;BOLSO P/TANQUE 15 X 15 RIDERCRAFT;444444;1;Prueba 153
206365373;33;861325316;23566647;BOLSO HERRAMIENTAS CUSTOM;444444;1;Prueba 154
206365374;34;861325326;23566647;BOLSO P/TANQUE C/IMAN REFORZADO SCOYCO;444444;1;Prueba 155
206365375;35;861325336;23566647;BOLSO P/TANQUE C/IMANES GRANDE;444444;1;Prueba 156
206365378;36;861325346;23566647;BOLSO P/TANQUE MOTO GAMA;444444;1;Prueba 157
206365380;37;861325355;23566647;BOTON P/ BAUL KAPPA;444444;1;Prueba 158
206365382;38;861325364;23566647;BAUL GIVI 33 LTS. TREKKER;444444;1;Prueba 159
206365383;39;861325366;23566647;BAUL GIVI 47 LTS.;444444;1;Prueba 160
206365385;40;861325368;23566647;CAJA PIZZERA NACIONAL BLANCA C/ESTANTES;444444;1;Prueba 161
206365386;41;861325369;23566647;TAPON VALVULA TUNNING AZUL;444444;1;Prueba 162
206365389;42;861325372;23566647;MEDIDOR DE PRESION DIGITAL SLIME;444444;1;Prueba 163
206365390;43;861325373;23566647;CALISUAR (VARIAS MEDIDAS);444444;1;Prueba 164
206365391;44;861325374;23566647;CUBREMOTO NG IMPERMEABLE S-M- L- XL;444444;1;Prueba 165
206365394;45;861325376;23566647;DEFENSA H. AFRICA TWIN;444444;1;Prueba 166
206365395;46;861325378;23566647;DEFENSA H. AFRICA TWIN;444444;1;Prueba 167
206365400;48;861325386;23566647;PORTAEQ. Y. FZ 16 GIVI ARG.;444444;1;Prueba 168
206365402;49;861325391;23566647;DEFENSA H. CG TITAN 2000 FRAN. CRO;444444;1;Prueba 169
206365403;50;861325392;23566647;DEFENSA H. CG TITAN FRAN. CROMADA;444444;1;Prueba 170
206365405;51;861325394;23566647;DEFENSA H. CG TITAN RECTO NEG;444444;1;Prueba 171
206365408;52;861325397;23566647;DEFENSA H. CG TITAN00 CAL.NEG;444444;1;Prueba 172
206365409;53;861325402;23566647;DEFENSA H. SHADOW 500;444444;1;Prueba 173
206365410;54;861325403;23566647;DEFENSA H. SHADOW 750/1100;444444;1;Prueba 174
206365412;55;861325408;23566647;DEFENSA H. XL 600 TRANSALP;444444;1;Prueba 175
206365413;56;861325410;23566647;DEFENSA H. XL 600 TRANSALP ARTE-CO;444444;1;Prueba 176
206365415;57;861325412;23566647;DEFENSA H. XL 650 TRANSALP;444444;1;Prueba 177
206365416;58;861325418;23566647;DEFENSA K. VULCAN 500 FANTIN;444444;1;Prueba 178
206365418;59;861325427;23566647;DEFENSA K. VULCAN 750/1100;444444;1;Prueba 179
206365419;60;861325433;23566647;DEFENSA S. INTRUDER 700/800;444444;1;Prueba 180
206365422;61;861325443;23566647;DEFENSA Y. VIRAGO 750/1100;444444;1;Prueba 181
206365423;62;861325455;23566647;DEFENSA Y. YBR 125 FR. CROMADA;444444;1;Prueba 182
206365424;64;861325467;23566647;FLECOS PARA MANIJAS;444444;1;Prueba 183
206365425;65;861325479;23566647;FLECOS PARA PUÑOS;444444;1;Prueba 184
206365427;66;861325493;23566647;FUELLES BARRAL CIRCUIT CHICO;444444;1;Prueba 185
206365430;67;861325505;23566647;FUELLES BARRAL CIRCUIT GRANDE 32 DIENTES;444444;1;Prueba 186
206365434;68;861325520;23566647;FUELLES BARRAL CIRCUIT CHICO;444444;1;Prueba 187
206365435;69;861325531;23566647;FUELLES BARRAL CIRCUIT CHICO 18D;444444;1;Prueba 188
206365437;70;861325544;23566647;FUELLES BARRAL SCAR CICLO;444444;1;Prueba 189
206365438;71;861325557;23566647;FUELLES BARRAL BORBOE CROSS;444444;1;Prueba 190
206365439;72;861325569;23566647;CUBRE BARRALES UNV. PARA MOTOCROSS PROTORK;444444;1;Prueba 191
206365441;73;861325585;23566647;FUELLES BARRAL BORBOE;444444;1;Prueba 192
206365443;74;861325601;23566647;FUELLES BARRAL BORBOE S. DR 650;444444;1;Prueba 193
206365445;75;861325616;23566647;FUELLES H. CG 150 NEGRO;444444;1;Prueba 194
206365452;76;861325642;23566647;FUELLES BARRAL CIRCUIT H. CG TITAN AZUL (11D);444444;1;Prueba 195
206365455;77;861325667;23566647;FUELLES BARRAL SCAR H. XR 100;444444;1;Prueba 196
206365457;78;861325680;23566647;FUELLES BARRAL BORBOE CICLO;444444;1;Prueba 197
206365459;79;861325691;23566647;INFLADOR DE MANO ZF  COM CO2;444444;1;Prueba 198
206365460;80;861325697;23566647;KIT PROLINK H. XLR 125/NX 150;444444;1;Prueba 199
206365462;81;861325705;23566647;KIT REPARA CUBIERTAS S/CAMARA SLIME 8 PIEZAS;444444;1;Prueba 200
206365463;82;861325710;23566647;OJO GATO H. CG TITAN/TODAY;444444;1;Prueba 201
206365467;83;861325721;23566647;TANQUE NAF. ZANELLA PATAGONIA GRIS;444444;1;Prueba 202
206365468;84;861325727;23566647;PORTABAUL H. XL 600 TRANS. GIVI;444444;1;Prueba 203
206365470;85;861325734;23566647;PORTAEQ. HONDA DAX 70 /MONDIAL;444444;1;Prueba 204
206365472;86;861325742;23566647;PORTAEQ. GILERA SMASH PINTADO;444444;1;Prueba 205
206365474;87;861325753;23566647;PORTAEQ. BAJAJ ROUSER 150-180-200-220 HIERRO MACIZ;444444;1;Prueba 206
206365478;88;861325767;23566647;PORTAEQ. MOTOMEL SKUA 150 TRIAX;444444;1;Prueba 207
206365481;89;861325780;23566647;PORTAEQ. H. BIZ /GIL. SMASH TORK;444444;1;Prueba 208
206365482;90;861325793;23566647;PORTAEQ. H. C 100 BIZ NEGRO OK;444444;1;Prueba 209
206365484;91;861325807;23566647;PORTAEQ. H. PCX 150 CON BASE PARA BAUL RAK;444444;1;Prueba 210
206365487;92;861325821;23566647;PORTAEQ. H. CB 150 INVICTA RAK;444444;1;Prueba 211
206365490;93;861325836;23566647;PORTAEQ. H. CB 250 NIGTH;444444;1;Prueba 212
206365491;94;861325846;23566647;PORTAEQ. H. CB 190 R HIERRO MACIZO RAK;444444;1;Prueba 213
206365493;95;861325852;23566647;EQUIPO LLUVIA TYMMO A-023;444444;1;Prueba 214
206365497;96;861325862;23566647;PORTAEQ. H. TITAN 99 TODAY EVERESTT;444444;1;Prueba 215
206365499;97;861325870;23566647;PORTAEQ. H. CG TITAN 00 CROM/NEG. EVERESTT;444444;1;Prueba 216
206365500;98;861325881;23566647;PORTAEQ. H. CG TITAN 150 2016 HIERRO MACIZO RAK;444444;1;Prueba 217
206365501;99;861325888;23566647;PORTAEQ. H. CG TITAN 150 TORK/EVERESTT;444444;1;Prueba 218
206365502;100;861325893;23566647;PORTAEQ. H. CG 125 FAN EVERESTT/HP;444444;1;Prueba 219
206365503;101;861325899;23566647;PORTAEQ. H. CG TITAN NEGRO;444444;1;Prueba 220
206365508;102;861325912;23566647;PORTAEQ. BETA 200/250;444444;1;Prueba 221
206365509;103;861325925;23566647;PORTAEQ. H. MB 100;444444;1;Prueba 222
206365512;104;861325943;23566647;PORTAEQ. H. NX 400 FALCON ARTE-CO;444444;1;Prueba 223
206365515;105;861325961;23566647;PORTAEQ. H. XL 125 TORK;444444;1;Prueba 224
206365516;106;861325968;23566647;PORTAEQ. H. NXR 125 /150 BROSS;444444;1;Prueba 225
206365519;107;861325977;23566647;PORTAEQ. H. NXR 125 BROSS TORK;444444;1;Prueba 226
206365520;108;861325984;23566647;PORTAEQ. H. XL 600 TRANSALP;444444;1;Prueba 227
206365522;109;861325997;23566647;PORTAEQ. H. XLR 125 GRIS;444444;1;Prueba 228
206365524;110;861326010;23566647;PORTAEQ. H. XR 250 L;444444;1;Prueba 229
206365527;111;861326030;23566647;PORTAEQ. H. XR 250 TORNADO RAK;444444;1;Prueba 230
206365528;112;861326046;23566647;PORTAEQ. JIALING;444444;1;Prueba 231
206365531;113;861326056;23566647;PORTAEQ. K. GTO 110;444444;1;Prueba 232
206365533;114;861326058;23566647;PORTAEQ. K. KLR 250;444444;1;Prueba 233
206365535;115;861326061;23566647;PORTAEQ. K. MONDIAL HD 125;444444;1;Prueba 234
206365539;117;861326070;23566647;PORTAEQ. S. AX 100;444444;1;Prueba 235
206365542;118;861326077;23566647;PORTAEQ. S. DR 125;444444;1;Prueba 236
206365545;119;861326083;23566647;PORTAEQ. S. DR 350 / 250;444444;1;Prueba 237
206365549;120;861326089;23566647;PORTAEQ. Y. XTZ 125 HIERRO MACIZO NEGRO/CROMADO;444444;1;Prueba 238
206365551;121;861326091;23566647;PORTAEQ. Y. CRYPTON CROMADO;444444;1;Prueba 239
206365553;122;861326093;23566647;LAMP. H7 12V 55W OPTICA AUTO (JGO) PHILLIPS/OSRAM;444444;1;Prueba 240
206365555;123;861326095;23566647;PORTAEQ. Y. YBR 125 REFORZ.;444444;1;Prueba 241
206365559;124;861326098;23566647;PORTAEQ. Y. MT 03 REFORZ. RAK;444444;1;Prueba 242
206365561;125;861326111;23566647;PORTAEQ. Y. YBR CHINA CROMADO STD;444444;1;Prueba 243
206365563;126;861326122;23566647;PORTAEQ. Y. YBR 125 ORG. 2010;444444;1;Prueba 244
206365565;127;861326132;23566647;PORTAEQ. ZAN. RX/XX 125;444444;1;Prueba 245
206365570;128;861326140;23566647;PORTAPAT. H. CG;444444;1;Prueba 246
206365575;129;861326147;23566647;PORTAPAT. H. XL 125/XLX 250;444444;1;Prueba 247
206365576;132;861326155;23566647;MENTONERA PAD MANUBRIO GAMA S/TRAVE;444444;1;Prueba 248
206365578;133;861326163;23566647;PORTABAUL LATERAL H. NX 400 P/E21N;444444;1;Prueba 249
206365581;134;861326168;23566647;PROTECT. TANQUE GEL TRANSP.;444444;1;Prueba 250
206365583;135;861326171;23566647;PROTECT. TANQUE GND PRO GRIP;444444;1;Prueba 251
206365586;136;861326174;23566647;PARAB. AIRSPEED 2 AGARRES PROSCREEM;444444;1;Prueba 252
206365587;137;861326175;23566647;PROTECT. TANQUE GOMA GRANDE;444444;1;Prueba 253
206365591;138;861326179;23566647;PROTECT. TANQUE GOMA UXA;444444;1;Prueba 254
206365592;139;861326181;23566647;PROTECT. TANQUE MITSOONY S/GRAFICO;444444;1;Prueba 255
206365596;140;861326185;23566647;PROTECT. TANQUE MITSOONY CHICO S/GRAFICO;444444;1;Prueba 256
206365601;141;861326193;23566647;PROTECT. TANQUE PROGRIP GEL;444444;1;Prueba 257
206365603;142;861326208;23566647;PROTECT. TANQUE PROTANK;444444;1;Prueba 258
206365605;143;861326223;23566647;PORTAEQ. H. XR 250 TORNADO GIVI NACIONAL;444444;1;Prueba 259
206365607;144;861326225;23566647;PROTECT. TAPA TANQUE NAFTA;444444;1;Prueba 260
206365608;145;861326226;23566647;CARC.FILT.AIRE ZANELLA RX 150;444444;1;Prueba 261
206365611;146;861326229;23566647;CUBREMOTO CORAZA CUATRI;444444;1;Prueba 262
206365615;147;861326236;23566647;RED ELASTICA COLORES;444444;1;Prueba 263
206365617;148;861326242;23566647;RED GIGANTE 60 X 30;444444;1;Prueba 264
206365620;149;861326248;23566647;RED CHICA 30X30;444444;1;Prueba 265
206365621;150;861326251;23566647;RED GRANDE 40X40 REFORZADA;444444;1;Prueba 266
206365624;151;861326254;23566647;RED MEDIANA CON TERMINALES DE PLASTICO;444444;1;Prueba 267
206365627;152;861326257;23566647;RED TENSOR REGULABLE;444444;1;Prueba 268
206365628;153;861326259;23566647;RESPALDO H. SHADOW 600 C/P;444444;1;Prueba 269
206365631;154;861326262;23566647;RESPALDO Y. VIRAGO 535 C/P;444444;1;Prueba 270
206365635;155;861326269;23566647;SOP. P/ BAUL KAPPA;444444;1;Prueba 271
206365638;156;861326283;23566647;SOP. P/ BAUL KAPPA MEDIANO;444444;1;Prueba 272
206365640;157;861326292;23566647;PORTAPAT. PLASTICO MODELO VIEJO;444444;1;Prueba 273
206365644;158;861326308;23566647;SUNCHO P/ TRAILER PAR;444444;1;Prueba 274
206365647;159;861326322;23566647;SOPORTE GPS CORDURA C/VISOR RIDERCRAFT;444444;1;Prueba 275
206365649;160;861326335;23566647;SUNCHO SUJETA MOTOS C/CRIKET 25MM NEGRO;444444;1;Prueba 276
206365653;161;861326351;23566647;TENSOR DE GOMA;444444;1;Prueba 277
206365657;162;861326370;23566647;TENSOR ELASTICO 1.5 X 1 CM;444444;1;Prueba 278
206365662;163;861326398;23566647;PARAB. SPORT ITALY 4 AGARRES;444444;1;Prueba 279
206365664;164;861326420;23566647;ACEITE AMA 2T. 2 CR CICLO 100CC;444444;1;Prueba 280
206365666;165;861326439;23566647;ACEITE AMA 2T. 2 CR PRO 1L;444444;1;Prueba 281
206365667;166;861326446;23566647;ACEITE AMA 2T. AMAX 1LT SINTETICO;444444;1;Prueba 282
206365668;167;861326452;23566647;21-90/90 MICHELIN ANAKEE 2 F TL/TT;444444;1;Prueba 283
206365670;168;861326461;23566647;ACEITE AMA 4T. DELTA G 1LT SEMI;444444;1;Prueba 284
206365672;169;861326477;23566647;PARAB. Y. FZ 16 2 AGARRES NEGRO;444444;1;Prueba 285
206365674;170;861326485;23566647;ACEITE AMA FORK TUNER LIGHT 500CC BARRAL;444444;1;Prueba 286
206365676;171;861326492;23566647;CIGUEÑAL GILERA SMASH CORTO;444444;1;Prueba 287
206365678;172;861326505;23566647;ACEITE AMA CAJA GEAR OIL MX-SX 1LT;444444;1;Prueba 288
206365681;173;861326518;23566647;17-140/80 MICHELIN ANAKEE 2 R TL/TT;444444;1;Prueba 289
206365682;174;861326525;23566647;PARAB. K. NINJA 250 R 08/10 PROSCREEM;444444;1;Prueba 290
206365686;175;861326536;23566647;ACEITE AMA 4T. GLOBAL XL600 1LT SEMISINTETICO;444444;1;Prueba 291
206365687;176;861326542;23566647;ACEITE MAXIMA FORK TUNNER;444444;1;Prueba 292
206365688;177;861326549;23566647;ACEITE AMA 4T. GLOBAL XL700 2LTS;444444;1;Prueba 293
206365689;178;861326555;23566647;ACEITE AMA 2T. K-MX 100 CC RICINO;444444;1;Prueba 294
206365692;179;861326565;23566647;ACEITE AMA 2T. K-MX 500CC RICINO;444444;1;Prueba 295
206365698;180;861326575;23566647;ACEITE AMA 4T. METAL 5 1 LT;444444;1;Prueba 296
206365701;181;861326583;23566647;ACEITE AMA CAJA N-20 AMPAC 500CC;444444;1;Prueba 297
206365705;182;861326593;23566647;ACEITE AMA CAJA N-30 AMPAC 500CC;444444;1;Prueba 298
206365708;183;861326605;23566647;ACEITE MAXIMA FORK FLUID 1LT.;444444;1;Prueba 299
206365712;184;861326613;23566647;ACEITE CASTROL 2T. JASO FB 500 CC;444444;1;Prueba 300
206365715;185;861326622;23566647;ACEITE CASTROL 4T. GP 1 LTS. MINERAL;444444;1;Prueba 301
206365719;186;861326631;23566647;ACEITE CASTROL 4T. EXTRA SEMI SINTETICO LT (20W50);444444;1;Prueba 302
206365725;187;861326641;23566647;ACEITE MAXIMA CASTOR;444444;1;Prueba 303
206365728;188;861326650;23566647;ACEITE CASTROL 4T. POWER 1 FULL  SINTETICO 10W50;444444;1;Prueba 304
206365731;189;861326658;23566647;ACEITE CASTROL 2T. JASO FB 1L;444444;1;Prueba 305
206365736;190;861326670;23566647;ACEITE CASTROL 2T. TTS 1 LT. PART SYNTHETIC;444444;1;Prueba 306
206365740;191;861326677;23566647;ACEITE ELF 2T. 2 DX RATIO;444444;1;Prueba 307
206365746;192;861326685;23566647;ACEITE ELF 4T. 2 DX RATIO;444444;1;Prueba 308
206365749;193;861326696;23566647;ACEITE HONDA 2T. GN2 1LT;444444;1;Prueba 309
206365752;194;861326701;23566647;ACEITE HONDA 4T. 10W30 MINERAL HGO 1 LITRO;444444;1;Prueba 310
206365755;195;861326705;23566647;ACEITE KAWALUBE 2T. 1LT;444444;1;Prueba 311
206365757;196;861326707;23566647;ACEITE SILKOLENE SUPER 4 20W-50 4T. 1LT SEMI-SYNT.;444444;1;Prueba 312
206365759;197;861326709;23566647;ACEITE MOTUL 4T. 5000 1 LT.;444444;1;Prueba 313
206365761;198;861326711;23566647;ACEITE MOTUL 4T. 300V SINTETICO 1LT.;444444;1;Prueba 314
206365765;199;861326715;23566647;ACEITE MOTUL 2T. 510;444444;1;Prueba 315
206365769;200;861326719;23566647;ACEITE MOTUL 4T. 5100 1LT.;444444;1;Prueba 316
206365772;201;861326724;23566647;ACEITE MOTUL 2T. 710 ANTI-SMOKE;444444;1;Prueba 317
206365773;202;861326726;23566647;ACEITE MOTUL 2T. 800 1 LT.;444444;1;Prueba 318
206365777;203;861326732;23566647;LUBRIC. MAXIMA CHAIN GUARD SYNTHETIC 395 GMS;444444;1;Prueba 319
206365781;204;861326748;23566647;ACEITE VALVOLINE 2T SEMISINT. 1 LT;444444;1;Prueba 320
206365782;205;861326760;23566647;ACEITE REPSOL 2T STANDART 1 LT;444444;1;Prueba 321
206365784;206;861326762;23566647;ACEITE REPSOL 4T MINERAL 15W50;444444;1;Prueba 322
206365785;207;861326763;23566647;ACEITE REPSOL 4T MINERAL 20W50;444444;1;Prueba 323
206365787;208;861326765;23566647;ACEITE REPSOL 4T SINTET. 10W40;444444;1;Prueba 324
206365790;209;861326768;23566647;ACEITE MOTUL CAJA  TRANSOIL 10W30;444444;1;Prueba 325
206365792;210;861326773;23566647;ACEITE YAMALUBE 2-R 1 LITRO;444444;1;Prueba 326
206365793;211;861326775;23566647;ACEITE YAMALUBE 2-S SEMI SINT. 1 LITRO;444444;1;Prueba 327
206365794;212;861326776;23566647;ACEITE YAMALUBE 4T R 10W40;444444;1;Prueba 328
206365796;213;861326783;23566647;ACEITE YAMALUBE 4T. S 1LT 20W50;444444;1;Prueba 329
206365797;214;861326784;23566647;ACEITE YAMALUBE CAJA 1 LITRO;444444;1;Prueba 330
206365801;215;861326788;23566647;INFLA Y SELLA MOTUL TIRE REPAIR;444444;1;Prueba 331
206365802;216;861326789;23566647;GEL LIMPIA MANOS EN DISPENSER 940 GRS;444444;1;Prueba 332
206365803;217;861326790;23566647;GRASA AMA PUL GRASE 900GRS;444444;1;Prueba 333
206365804;218;861326791;23566647;GRASA M.G. AMA POTE 150 GRS;444444;1;Prueba 334
206365807;219;861326795;23566647;LIQUIDO FRENO DOT 3 200CC;444444;1;Prueba 335
206365808;220;861326803;23566647;LIQUIDO FRENO DOT 4;444444;1;Prueba 336
206365810;221;861326820;23566647;REFRIGERANTE MOTUL INUGEL;444444;1;Prueba 337
206365813;222;861326842;23566647;LUBRIC AMA AIR FILTER OIL 150CM/115GR;444444;1;Prueba 338
206365814;223;861326858;23566647;LUBRIC AMA ALL IN ONE F-18 AEROSOL 440 CM;444444;1;Prueba 339
206365817;224;861326872;23566647;LUBRIC AMA CHAIN LUBE AEROS CH;444444;1;Prueba 340
206365819;225;861326886;23566647;LUBRIC AMA CHAIN LUBE AEROSOL 440 CM3;444444;1;Prueba 341
206365822;226;861326903;23566647;LUBRIC AMA SILICON AEROSOL 440 CM3;444444;1;Prueba 342
206365823;227;861326920;23566647;LUBRIC AMA SUPER CLEANER AEROS;444444;1;Prueba 343
206365826;228;861326939;23566647;LUBRIC BARDAHL RUST PROTECT MULTIUSO 220 GRS;444444;1;Prueba 344
206365828;229;861326954;23566647;LUBRIC CASTROL CHAIN WAX;444444;1;Prueba 345
206365831;231;861326972;23566647;LUBRIC KART STRONG AZUL C/TEFLON 400 CM3;444444;1;Prueba 346
206365832;232;861327000;23566647;LUBRIC KART STRONG AZUL CHICO;444444;1;Prueba 347
206365834;233;861327022;23566647;LUBRIC SILKOLENE CHAIN LUBE SEMI-SYNTHETIC;444444;1;Prueba 348
206365836;234;861327051;23566647;LUBRIC MOTUL CHAIN LUBE FACTORY LINE C4;444444;1;Prueba 349
206365838;235;861327073;23566647;LUBRIC CASTROL P/CADENAS O-R GRANDE 400 ML;444444;1;Prueba 350
206365839;236;861327091;23566647;LUBRIC WD 40 150 CC CHICO;444444;1;Prueba 351
206365841;237;861327108;23566647;LUBRIC WD-40 311 CC GRANDE;444444;1;Prueba 352
206365842;238;861327118;23566647;LUBRIC BARDAHL P/CADENA CHICO;444444;1;Prueba 353
206365843;239;861327125;23566647;REFRIGERANTE AMA ANTI FREEZE 1 LT.;444444;1;Prueba 354
206365845;240;861327134;23566647;ACEITE SHELL ADVANCE FILTER OIL 10W20;444444;1;Prueba 355
206365846;241;861327141;23566647;ACRIL.FAROL DAELIM 50;444444;1;Prueba 356
206365852;242;861327154;23566647;ACRIL.FAROL GARELLI;444444;1;Prueba 357
206365853;243;861327166;23566647;ACRIL.TABLERO ZANELLA SEXY 110 NSU;444444;1;Prueba 358
206365856;244;861327171;23566647;LUBRIC. MAXIMA CHAIN GUARD SYNTETHIC 170 GRS.;444444;1;Prueba 359
206365857;245;861327175;23566647;ACRIL.FAROL S. AD 50/60 ORIG;444444;1;Prueba 360
206365859;246;861327180;23566647;ACRIL.FAROL S. FA 50;444444;1;Prueba 361
206365861;247;861327187;23566647;ACRIL.FAROL UNIV. OVAL.;444444;1;Prueba 362
206365862;248;861327195;23566647;ACRIL.FAROL ZANELLA DUE  50;444444;1;Prueba 363
206365864;249;861327203;23566647;ACRIL.GIRO CICLO;444444;1;Prueba 364
206365865;250;861327208;23566647;ACRIL.GIRO H. C 90 ECONO;444444;1;Prueba 365
206365867;251;861327214;23566647;CDI. IMSA 110 EVO TRACK MAG PIETCAR;444444;1;Prueba 366
206365868;252;861327219;23566647;ACRIL.GIRO H. C100 BIZ DEL.DER;444444;1;Prueba 367
206365869;253;861327224;23566647;ACRIL.GIRO H. C100 BIZ DEL.DER;444444;1;Prueba 368
206365870;254;861327229;23566647;ACRIL.GIRO H. C100 BIZ DEL.DER;444444;1;Prueba 369
206365872;255;861327237;23566647;ACRIL.GIRO H. C100 BIZ DEL.IZQ;444444;1;Prueba 370
206365874;256;861327243;23566647;ACRIL.GIRO H. C100 BIZ DEL.IZQ;444444;1;Prueba 371
206365876;257;861327251;23566647;ACRIL.GIRO H. C100 BIZ DEL.IZQ;444444;1;Prueba 372
206365879;258;861327259;23566647;ACRIL.GIRO H. C100 DEL.DER. C.;444444;1;Prueba 373
206365882;259;861327266;23566647;ACRIL.GIRO H. C100 DEL.DER. N.;444444;1;Prueba 374
206365883;260;861327270;23566647;ACRIL.GIRO H. C100 DEL.IZQ. C.;444444;1;Prueba 375
206365885;261;861327275;23566647;ACRIL.GIRO H. C100 DEL.IZQ. N.;444444;1;Prueba 376
206365886;262;861327280;23566647;ACRIL.GIRO H. C100 TRAS.DER.C.;444444;1;Prueba 377
206365887;263;861327286;23566647;ACRIL.GIRO H. C100 TRAS.DER.N.;444444;1;Prueba 378
206365890;264;861327296;23566647;ACRIL.GIRO H. C100 TRAS.IZQ.C.;444444;1;Prueba 379
206365891;265;861327301;23566647;ACRIL.GIRO H. C100 TRAS.IZQ.N.;444444;1;Prueba 380
206365894;266;861327306;23566647;ACRIL.GIRO H. CB 125;444444;1;Prueba 381
206365896;267;861327310;23566647;ACRIL.GIRO H. CBR 450 DER.;444444;1;Prueba 382
206365898;268;861327312;23566647;ACRIL.GIRO H. CBX 150 DER.;444444;1;Prueba 383
206365901;269;861327315;23566647;ACRIL.GIRO H. CBX 150 IZQUIERDO;444444;1;Prueba 384
206365904;270;861327317;23566647;ACRIL.GIRO H. CG / C90;444444;1;Prueba 385
206365905;271;861327321;23566647;ACRIL.GIRO H. DAX;444444;1;Prueba 386
206365906;272;861327325;23566647;LIQUIDO FRENO TOTAL DOT 4;444444;1;Prueba 387
206365907;274;861327330;23566647;ACRIL.GIRO H. NX 400 FALCON;444444;1;Prueba 388
206365908;275;861327332;23566647;ACRIL.GIRO H. XLR / JIALING;444444;1;Prueba 389
206365910;276;861327334;23566647;ACRIL.GIRO H. XLR 125 / XR 200;444444;1;Prueba 390
206365913;277;861327337;23566647;ACRIL.GIRO H. XLX / XL / NX;444444;1;Prueba 391
206365916;278;861327345;23566647;ACRIL.GIRO K. SCARABEO;444444;1;Prueba 392
206365920;279;861327357;23566647;17-100/80 VEE RUBBER VRM 294 NUEVO CBX 250 DEL.;444444;1;Prueba 393
206365922;280;861327363;23566647;ACRIL.GIRO MONDIAL PT 50 DE.IZ;444444;1;Prueba 394
206365925;281;861327378;23566647;KIT TR. H. XR 250 TORNADO DID C/ORING  Z-38/Z-13;444444;1;Prueba 395
206365927;282;861327393;23566647;ACRIL.GIRO Y. CRYPTON DEL.DER;444444;1;Prueba 396
206365928;284;861327406;23566647;ACRIL.GIRO Y. CRYPTON DEL.DER.;444444;1;Prueba 397
206365930;285;861327419;23566647;ACRIL.GIRO Y. CRYPTON DEL.IZQ;444444;1;Prueba 398
206365931;287;861327429;23566647;ACRIL.GIRO Y. CRYPTON DEL.IZQ.;444444;1;Prueba 399
206365933;289;861327441;23566647;ACRIL.GIRO Y. V-80;444444;1;Prueba 400
206365935;290;861327455;23566647;ACRIL.GIRO Y. YBR 125;444444;1;Prueba 401
206365937;291;861327470;23566647;ACRIL.GIRO ZAN. CARGO;444444;1;Prueba 402
206365938;292;861327480;23566647;ACRIL.GIRO ZAN. DUE;444444;1;Prueba 403
206365939;293;861327490;23566647;ACRIL.GIRO ZAN. SOL;444444;1;Prueba 404
206365941;294;861327499;23566647;ACRIL.GIRO ZAN. SOL;444444;1;Prueba 405
206365944;295;861327507;23566647;ACRIL.STOP DAELIM;444444;1;Prueba 406
206365945;296;861327520;23566647;ACRIL.STOP GARELLI;444444;1;Prueba 407
206365947;297;861327529;23566647;ACRIL.STOP H. C 100 BIZ FUME;444444;1;Prueba 408
206365948;298;861327540;23566647;ACRIL.STOP H. C 100 CRISTAL;444444;1;Prueba 409
206365949;299;861327547;23566647;ACRIL.STOP H. C 100 ROJO;444444;1;Prueba 410
206365950;300;861327553;23566647;17-130/70 METZELER CTL 62S MESPED;444444;1;Prueba 411
206365953;301;861327561;23566647;ACRIL.STOP H. CBX 150;444444;1;Prueba 412
206365954;302;861327566;23566647;LUSTRA AUTOS AUTOPOLISH 450ML;444444;1;Prueba 413
206365958;303;861327575;23566647;ACRIL.STOP H. CG CARGO;444444;1;Prueba 414
206365960;304;861327581;23566647;ACRIL.STOP H. CG TITAN00 BR;444444;1;Prueba 415
206365961;305;861327587;23566647;ACRIL.STOP H. CG TITAN00 FUME;444444;1;Prueba 416
206365963;306;861327593;23566647;ACRIL.STOP H. CG TODAY/XL/XLX;444444;1;Prueba 417
206365966;307;861327603;23566647;ACRIL.STOP H. DAX;444444;1;Prueba 418
206365967;308;861327610;23566647;ACRIL.STOP H. NH 100 KINETIC;444444;1;Prueba 419
206365971;309;861327621;23566647;ACRIL.STOP H. NX 125/250/650;444444;1;Prueba 420
206365974;310;861327632;23566647;ACRIL.STOP H. NX 125/250/650;444444;1;Prueba 421
206365975;311;861327643;23566647;ACRIL.STOP H. NX 150/XLR/NX350;444444;1;Prueba 422
206365976;312;861327654;23566647;ACRIL.STOP H. NX 400 FALCON;444444;1;Prueba 423
206365977;313;861327663;23566647;ACRIL.STOP H. NX 650/250;444444;1;Prueba 424
206365979;314;861327669;23566647;ACRIL.STOP H. XL 600 TRANSALP;444444;1;Prueba 425
206365982;315;861327677;23566647;ACRIL.STOP H. XR;444444;1;Prueba 426
206365984;316;861327683;23566647;ACRIL.STOP JIALING;444444;1;Prueba 427
206365986;317;861327691;23566647;ACRIL.STOP K. GTO 110 / KZ 650;444444;1;Prueba 428
206365988;318;861327703;23566647;KIT TR. Y. YBR 250 CAD. DORADA Z-45/Z-15 STANDAR;444444;1;Prueba 429
206365991;319;861327725;23566647;ACRIL.STOP K. NEOMAX;444444;1;Prueba 430
206365992;320;861327740;23566647;ACRIL.STOP S. AX 100 NSU;444444;1;Prueba 431
206365993;321;861327753;23566647;ZAPATA NSU GILERA CUSTOM 150 TRAS. Z/516;444444;1;Prueba 432
206365994;322;861327758;23566647;ACRIL.STOP S. FA 50;444444;1;Prueba 433
206365995;323;861327765;23566647;ACRIL.STOP S. FA 50;444444;1;Prueba 434
206365996;324;861327771;23566647;ACRIL.STOP Y. 125;444444;1;Prueba 435
206365997;325;861327778;23566647;ACRIL.STOP Y. CRYPTON;444444;1;Prueba 436
206365999;326;861327785;23566647;ACRIL.STOP Y. CRYPTON FUME;444444;1;Prueba 437
206366000;327;861327791;23566647;ACRIL.STOP Y. DT 180;444444;1;Prueba 438
206366004;328;861327799;23566647;ACRIL.STOP Y. RX 100/125;444444;1;Prueba 439
206366006;329;861327809;23566647;ACRIL.STOP Y. V 80;444444;1;Prueba 440
206366009;330;861327821;23566647;ACRIL.STOP Y. XT 225;444444;1;Prueba 441
206366013;331;861327836;23566647;ACRIL.STOP Y. YBR 125;444444;1;Prueba 442
206366014;332;861327852;23566647;ACRIL.STOP ZANELLA DUE / V3 CHICO;444444;1;Prueba 443
206366017;333;861327863;23566647;ACRIL.STOP ZANELLA SOL;444444;1;Prueba 444
206366020;334;861327870;23566647;ACRIL.STOP/GIRO H. C100BIZ JGO;444444;1;Prueba 445
206366021;335;861327871;23566647;ACRIL.GIRO H. CBR 450 DEL.IZQ.;444444;1;Prueba 446
206366023;336;861327873;23566647;OJO GATO H. CBX 150;444444;1;Prueba 447
206366025;337;861327875;23566647;OJO GATO H. CG TODAY;444444;1;Prueba 448
206366027;338;861327878;23566647;OJO GATO H. VS.;444444;1;Prueba 449
206366028;339;861327879;23566647;OJO GATO LENGUA STONE AUTOADH.;444444;1;Prueba 450
206366029;340;861327882;23566647;OJO GATO NARANJA TORNILLO CH WAVE;444444;1;Prueba 451
206366031;341;861327891;23566647;TENSOR TR. H. STORM NITRO POR UNIDAD;444444;1;Prueba 452
206366034;342;861327901;23566647;OJO GATO ROJO TORNILLO CH;444444;1;Prueba 453
206366037;343;861327915;23566647;OJO GATO ROJO TORNILLO GR;444444;1;Prueba 454
206366038;344;861327933;23566647;OJO GATO H. WAVE UND.;444444;1;Prueba 455
206366041;345;861327941;23566647;KIT PLASTICOS ZANELLA DUE 110 NEGRO ZLOTO;444444;1;Prueba 456
206366044;346;861327948;23566647;BOTON PARE ON/OFF BLT;444444;1;Prueba 457
206366046;347;861327955;23566647;AMORT. GARELLI;444444;1;Prueba 458
206366048;348;861327963;23566647;AMORT. H. C 100 BIZ FAR;444444;1;Prueba 459
206366050;349;861327974;23566647;AMORT. H. C 100 BIZ;444444;1;Prueba 460
206366053;350;861327985;23566647;AMORT. H. C 100 BIZ TUNNING FAR;444444;1;Prueba 461
206366054;351;861327994;23566647;AMORT. H. C 90 M/LUJO FAR;444444;1;Prueba 462
206366058;352;861328008;23566647;AMORT. H. C 90 M/VJO FAR;444444;1;Prueba 463
206366059;353;861328021;23566647;AMORT. H. CB 250 NIGHTHAWK;444444;1;Prueba 464
206366064;354;861328035;23566647;AMORT. H. CB 400 HID.;444444;1;Prueba 465
206366069;355;861328047;23566647;AMORT. H. CB 500 CROMADOS;444444;1;Prueba 466
206366071;356;861328058;23566647;AMORT. H. CBN 400;444444;1;Prueba 467
206366073;357;861328067;23566647;AMORT. H. CBX 200 FAR;444444;1;Prueba 468
206366075;358;861328077;23566647;AMORT. H. CBX 200 STRADA;444444;1;Prueba 469
206366078;359;861328090;23566647;AMORT. H. CD 100 CH (JGO);444444;1;Prueba 470
206366081;360;861328102;23566647;AMORT. H. CD 100 HERO;444444;1;Prueba 471
206366083;361;861328112;23566647;AMORT. H. CG TITAN 00 FAR;444444;1;Prueba 472
206366085;362;861328123;23566647;AMORT. H. CG TITAN 00;444444;1;Prueba 473
206366093;363;861328144;23566647;AMORT. H. CG TITAN 00 CROM. (JGO);444444;1;Prueba 474
206366095;364;861328164;23566647;AMORT. H. CG TITAN 00 TW;444444;1;Prueba 475
206366099;365;861328188;23566647;AMORT. H. CG TITAN00 LARGO FAR;444444;1;Prueba 476
206366103;366;861328212;23566647;AMORT. H. CG TOD/TIT ORIG.;444444;1;Prueba 477
206366108;367;861328235;23566647;AMORT. H. CG TOD/TIT CBX 150 FAR;444444;1;Prueba 478
206366113;369;861328258;23566647;AMORT. H. DAX 70 FAR;444444;1;Prueba 479
206366116;370;861328276;23566647;AMORT. H. LEAD 80 FAR;444444;1;Prueba 480
206366117;371;861328293;23566647;AMORT. H. MB 100;444444;1;Prueba 481
206366119;372;861328313;23566647;AMORT. H. MB 100 TW;444444;1;Prueba 482
206366121;373;861328331;23566647;AMORT. H. NX 150 COMPL.;444444;1;Prueba 483
206366122;374;861328348;23566647;AMORT. H. NX 250/350;444444;1;Prueba 484
206366126;375;861328373;23566647;AMORT. H. WAVE FAR;444444;1;Prueba 485
206366128;376;861328387;23566647;AMORT. H. XL 125 ROJO/NEGRO;444444;1;Prueba 486
206366131;377;861328398;23566647;AMORT. H. XLR 125 ORIG.;444444;1;Prueba 487
206366134;378;861328422;23566647;AMORT. H. XLR 125 OK;444444;1;Prueba 488
206366135;379;861328445;23566647;AMORT. H. XLX 350;444444;1;Prueba 489
206366138;380;861328452;23566647;AMORT. H. XR 200 /NX 150 COMPL;444444;1;Prueba 490
206366141;381;861328459;23566647;AMORT. HARLEY DAVIDSON;444444;1;Prueba 491
206366143;382;861328466;23566647;AMORT. HERCHE ADLY 100;444444;1;Prueba 492
206366148;383;861328472;23566647;AMORT. JIALING;444444;1;Prueba 493
206366150;384;861328480;23566647;AMORT. JUKI;444444;1;Prueba 494
206366154;385;861328491;23566647;AMORT. JUKI DRIBB. C/CAP.CROM;444444;1;Prueba 495
206366155;386;861328504;23566647;AMORT. JUKI DRIBB. C/CAP.NEGRO;444444;1;Prueba 496
206366156;387;861328515;23566647;AMORT. JUKI MONDIAL M1 C/ESPIR;444444;1;Prueba 497
206366157;388;861328525;23566647;AMORT. K. 650 FAR;444444;1;Prueba 498
206366158;389;861328531;23566647;AMORT. KASINSKI CRUISE;444444;1;Prueba 499
206366162;390;861328541;23566647;AMORT. Y. JOG;444444;1;Prueba 500
206366166;391;861328555;23566647;AMORT. S. ADRESS AD 50;444444;1;Prueba 501
206366168;392;861328563;23566647;AMORT. S. ADRESS AD 60;444444;1;Prueba 502
206366170;393;861328574;23566647;AMORT. S. AX 100;444444;1;Prueba 503
206366172;394;861328588;23566647;AMORT. S. AX 100 C/CAPUCH (JGO);444444;1;Prueba 504
206366174;395;861328603;23566647;AMORT. S. AX 100 CHINO C/CAP.;444444;1;Prueba 505
206366177;396;861328618;23566647;AMORT. S. GN 125 CHB;444444;1;Prueba 506
206366180;397;861328634;23566647;AMORT. S. GS 125 (JGO);444444;1;Prueba 507
206366181;398;861328645;23566647;AMORT. S. TS 125 L. BRAS.;444444;1;Prueba 508
206366183;399;861328657;23566647;AMORT. Y. AXIS 90 TW;444444;1;Prueba 509
206366185;400;861328663;23566647;AMORT. Y. CRYPTON;444444;1;Prueba 510
206366187;401;861328669;23566647;AMORT. Y. RD 400 FAR;444444;1;Prueba 511
206366190;402;861328677;23566647;AMORT. Y. RX 125 TW;444444;1;Prueba 512
206366192;403;861328683;23566647;AMORT. Y. V 80 (JGO);444444;1;Prueba 513
206366194;404;861328689;23566647;AMORT. Y. YBR 125 CROM. BR FAR;444444;1;Prueba 514
206366196;405;861328694;23566647;AMORT. Y. YBR 125 TAIWAN;444444;1;Prueba 515
206366197;406;861328700;23566647;AMORT. Y. YOG 50 NEW;444444;1;Prueba 516
206366200;407;861328710;23566647;AMORT. ZAN. DUE FIDE VICE;444444;1;Prueba 517
206366203;408;861328721;23566647;AMORT. ZAN. V3 VC;444444;1;Prueba 518
206366208;409;861328732;23566647;BARRAL G. SMASH;444444;1;Prueba 519
206366210;410;861328737;23566647;BARRAL G. SMASH S/DISCO JUEGO;444444;1;Prueba 520
206366213;411;861328740;23566647;BARRAL H. C 100 BIZ MAX;444444;1;Prueba 521
206366216;412;861328743;23566647;BARRAL H. C 100 BIZ/WAVE JGO. STD.;444444;1;Prueba 522
206366217;413;861328744;23566647;BARRAL H. C 90 LUXE COMP;444444;1;Prueba 523
206366219;414;861328747;23566647;BARRAL H. C 90 M/VJO COMP;444444;1;Prueba 524
206366220;415;861328748;23566647;BARRAL H. CBX 150/200;444444;1;Prueba 525
206366221;416;861328749;23566647;BARRAL H. CBX 150/200;444444;1;Prueba 526
206366224;417;861328752;23566647;BARRAL H. CG 150 ORIG;444444;1;Prueba 527
206366227;418;861328755;23566647;BARRAL H. CG TIT 00 ES IZQ. COMPL. ORIG.;444444;1;Prueba 528
206366231;419;861328759;23566647;BARRAL H. CG TIT 00 ES DER. COMP. ORIG.;444444;1;Prueba 529
206366233;420;861328764;23566647;BARRAL H. CG 150 STD (X JGO);444444;1;Prueba 530
206366235;421;861328769;23566647;BARRAL H. CG 150 EVERESTT (X UNID.);444444;1;Prueba 531
206366236;422;861328774;23566647;BARRAL H. CG TOD/TIT DER.COMPL.;444444;1;Prueba 532
206366240;423;861328786;23566647;BARRAL H. CG TOD/TIT DER.COMPL.;444444;1;Prueba 533
206366241;424;861328796;23566647;BARRAL H. CG TOD/TIT IZQ.COMPL;444444;1;Prueba 534
206366244;425;861328805;23566647;BARRAL H. CG TOD/TIT IZQ.COMPL;444444;1;Prueba 535
206366245;426;861328809;23566647;BARRAL H. CG TOD/TIT ORIG.;444444;1;Prueba 536
206366248;427;861328822;23566647;BARRAL H. CG TOD/TIT;444444;1;Prueba 537
206366249;428;861328826;23566647;BARRAL H. CG TOD/TIT SIVERST UN.;444444;1;Prueba 538
206366252;429;861328828;23566647;BARRAL H. CG TOD/TIT MAX UNID.;444444;1;Prueba 539
206366255;430;861328833;23566647;BARRAL H. NX 150;444444;1;Prueba 540
206366257;431;861328838;23566647;BARRAL H. NXR 125 STD  JGO;444444;1;Prueba 541
206366260;432;861328843;23566647;BARRAL H. WAVE INTERNO OK (X UNIDAD);444444;1;Prueba 542
206366263;433;861328846;23566647;BARRAL H. XL 125/CB 250;444444;1;Prueba 543
206366264;434;861328850;23566647;BARRAL H. XLR 125 IZQ. COMPL.;444444;1;Prueba 544
206366265;435;861328854;23566647;BARRAL H. XLR 125 SIVERST;444444;1;Prueba 545
206366266;436;861328857;23566647;BARRAL H. XLR 125 STD;444444;1;Prueba 546
206366268;437;861328859;23566647;BARRAL S. AX 100 CHB (JGO);444444;1;Prueba 547
206366270;438;861328861;23566647;BARRAL S. AX 100 COMPL.;444444;1;Prueba 548
206366271;439;861328862;23566647;BARRAL S. GN 125 JGO;444444;1;Prueba 549
206366273;440;861328864;23566647;BARRAL Y. XTZ 125 JGO. BRASIL;444444;1;Prueba 550
206366274;441;861328872;23566647;BARRAL Y. RX 125;444444;1;Prueba 551
206366279;442;861328885;23566647;BARRAL Y. RX 125 (M/NVO) (JGO);444444;1;Prueba 552
206366280;443;861328893;23566647;BARRAL Y. YBR 125  BRASIL;444444;1;Prueba 553
206366285;444;861328903;23566647;BARRAL Y. YBR 125 EVERESTT / MAX X UNIDAD;444444;1;Prueba 554
206366289;445;861328912;23566647;BOTELLA G. SMASH;444444;1;Prueba 555
206366290;446;861328920;23566647;BOTELLA H. C 100 BIZ DER. ORIG.;444444;1;Prueba 556
206366293;447;861328934;23566647;BOTELLA H. C 100 BIZ IZQ. ORIG.;444444;1;Prueba 557
206366294;448;861328947;23566647;BOTELLA H. C 100 BIZ JUEGO TW;444444;1;Prueba 558
206366295;449;861328958;23566647;BOTELLA H. CG TITAN 150 TW;444444;1;Prueba 559
206366297;450;861328966;23566647;BOTELLA H. CG TITAN 00 DER.;444444;1;Prueba 560
206366299;451;861328974;23566647;BOTELLA H. CG TITAN 00 ES DER.;444444;1;Prueba 561
206366301;452;861328980;23566647;BOTELLA H. CG TITAN 00 ES DER;444444;1;Prueba 562
206366303;453;861328986;23566647;BOTELLA H. CG TITAN 00 ES IZQ ORIG.;444444;1;Prueba 563
206366304;454;861328992;23566647;BOTELLA H. CG TITAN 00 ES IZQ.;444444;1;Prueba 564
206366307;455;861329000;23566647;BOTELLA H. CG TITAN 00 KS DER;444444;1;Prueba 565
206366312;456;861329013;23566647;BOTELLA H. CG TITAN 00 KS IZQ.;444444;1;Prueba 566
206366314;457;861329025;23566647;BOTELLA H. CG TITAN 00 TW;444444;1;Prueba 567
206366316;458;861329037;23566647;BOTELLA H. CG TOD/TIT;444444;1;Prueba 568
206366318;459;861329044;23566647;BOTELLA H. CG TOD/TIT IZQ.;444444;1;Prueba 569
206366319;460;861329050;23566647;BOTELLA H. XLR 125 DER.;444444;1;Prueba 570
206366322;461;861329055;23566647;BOTELLA Y. YBR 125 IZQ. ORIG.;444444;1;Prueba 571
206366324;462;861329060;23566647;BRAZO AMORT.EXT. H. NX 150;444444;1;Prueba 572
206366328;463;861329065;23566647;BRAZO AMORT.INT. H. NX;444444;1;Prueba 573
206366333;464;861329071;23566647;BRAZO AMORT.INT. H. NX 150 ORIG.;444444;1;Prueba 574
206366334;465;861329072;23566647;BRAZO AMORT.INT. H. NX 150 ORIG.;444444;1;Prueba 575
206366335;466;861329073;23566647;BUJE AMORT. EXT. H. TODAY;444444;1;Prueba 576
206366337;467;861329075;23566647;BUJE AXIAL BRAZO AMORT.;444444;1;Prueba 577
206366340;468;861329078;23566647;BUJE PRO-LINK XL250R (KIT);444444;1;Prueba 578
206366341;469;861329083;23566647;CORONA TR. K. KL 250 Z-48;444444;1;Prueba 579
206366342;470;861329088;23566647;EJE HORQ. GILERA SMASH;444444;1;Prueba 580
206366346;471;861329103;23566647;EJE HORQ. H. C 90 ECONO;444444;1;Prueba 581
206366349;472;861329115;23566647;EJE HORQ. H. CG TITAN 150;444444;1;Prueba 582
206366352;473;861329128;23566647;EJE HORQ. H. CG TITAN00 ES ORIG.;444444;1;Prueba 583
206366353;474;861329138;23566647;EJE HORQ. H. CG TITAN00 KS ORIG.;444444;1;Prueba 584
206366355;475;861329146;23566647;EJE HORQ. H. XL 125 C/BUJ;444444;1;Prueba 585
206366356;476;861329152;23566647;EJE HORQ. H. XLR 125 ORIG.;444444;1;Prueba 586
206366358;477;861329158;23566647;EJE HORQ. H. XLR 125/NX150;444444;1;Prueba 587
206366360;478;861329166;23566647;EMBELLECEDOR GILERA SMASH;444444;1;Prueba 588
206366361;479;861329172;23566647;EMBELLECEDOR S. AX 100;444444;1;Prueba 589
206366363;480;861329178;23566647;GOMA AMORT DIR. H. CB 400/450;444444;1;Prueba 590
206366368;481;861329191;23566647;HORQUILLA GILERA SMASH A TAMBOR NSU;444444;1;Prueba 591
206366371;482;861329203;23566647;HORQUILLA H. C 100 BIZ DER.;444444;1;Prueba 592
206366374;483;861329220;23566647;HORQUILLA H. C 90 M/NVO;444444;1;Prueba 593
206366375;484;861329235;23566647;HORQUILLA JUKI MONDIAL M1;444444;1;Prueba 594
206366377;485;861329246;23566647;HORQUILLA MONDIAL /JUKI;444444;1;Prueba 595
206366378;486;861329254;23566647;HORQUILLA S. AX 100 COMPL. AZ./NEGRA;444444;1;Prueba 596
206366379;487;861329261;23566647;HORQUILLA ZAN. 50;444444;1;Prueba 597
206366380;488;861329267;23566647;HORQUILLA ZAN. CARGO M/NVO;444444;1;Prueba 598
206366383;489;861329270;23566647;HORQUILLA ZAN. SOL 4 T;444444;1;Prueba 599
206366387;490;861329273;23566647;HORQUILLA ZAN. V3 50;444444;1;Prueba 600
206366391;491;861329280;23566647;HORQUILLA ZAN. 50;444444;1;Prueba 601
206366395;492;861329290;23566647;HORQUILLON GIL.SMASH MAX;444444;1;Prueba 602
206366397;493;861329301;23566647;HORQUILLON H. CG TOD/TIT EVERESTT;444444;1;Prueba 603
206366398;494;861329310;23566647;HORQUILLON H. C 100 BIZ;444444;1;Prueba 604
206366399;495;861329316;23566647;HORQUILLON H. CBR 450;444444;1;Prueba 605
206366400;496;861329321;23566647;HORQUILLON H. CG TITAN;444444;1;Prueba 606
206366402;497;861329329;23566647;HORQUILLON H. CG TITAN 00 ES ORIG.;444444;1;Prueba 607
206366405;498;861329337;23566647;HORQUILLON H. XLR 125;444444;1;Prueba 608
206366406;499;861329342;23566647;HORQUILLON S. AX 100 NSU;444444;1;Prueba 609
206366408;500;861329351;23566647;KIT PROLINK H. NX 400 FALCON;444444;1;Prueba 610
206366410;501;861329363;23566647;KIT PROLINK H. XLR 125/NX 150;444444;1;Prueba 611
206366413;502;861329377;23566647;KIT REP. SUSP. H. C 90 TW;444444;1;Prueba 612
206366415;503;861329390;23566647;MONOAMORT. CANOTTI DK;444444;1;Prueba 613
206366417;504;861329404;23566647;MONOAMORT. DA DALT / GILERA;444444;1;Prueba 614
206366421;505;861329422;23566647;MONOAMORT. H. DIO 50=AXIS 90 25CMS;444444;1;Prueba 615
206366422;506;861329439;23566647;MONOSHOCK H. ELITE 80;444444;1;Prueba 616
206366425;507;861329459;23566647;MONOSHOCK ZAN. POCKET GRIS;444444;1;Prueba 617
206366428;509;861329478;23566647;PERNO INT. VAINA BARRAL H.;444444;1;Prueba 618
206366430;510;861329498;23566647;PIERNA HORQ. ZAN. SOL 50 (JGO);444444;1;Prueba 619
206366432;511;861329514;23566647;PROLONG.AMORT. H. CG  JUEGO;444444;1;Prueba 620
206366435;512;861329529;23566647;BOTON DE BOCINA;444444;1;Prueba 621
206366437;513;861329545;23566647;FAROL DEL. ZANELLA DUE 110 C/GIROS ORIG.;444444;1;Prueba 622
206366440;514;861329566;23566647;RESORTE BARRAL H. CBX 150;444444;1;Prueba 623
206366442;515;861329582;23566647;RESORTE BARRAL H. CG ORIG.;444444;1;Prueba 624
206366445;516;861329596;23566647;RESORTE BARRAL H. CG TOD/TIT;444444;1;Prueba 625
206366448;517;861329611;23566647;RESORTE BARRAL H. NX 150;444444;1;Prueba 626
206366454;518;861329631;23566647;RESORTE BARRAL HERO PUCH;444444;1;Prueba 627
206366455;519;861329643;23566647;RESORTE BARRAL S. AX 100;444444;1;Prueba 628
206366458;520;861329652;23566647;RESORTE BARRAL ZANELLA;444444;1;Prueba 629
206366463;521;861329669;23566647;SEG.BARRAL H. VS.;444444;1;Prueba 630
206366466;522;861329683;23566647;SEP. HORQ. H. XLR 125;444444;1;Prueba 631
206366468;523;861329690;23566647;TAPON BARRAL H. CG 150 ORIG.;444444;1;Prueba 632
206366473;524;861329698;23566647;TAPON BARRAL H. TODAY/TITAN ORIG.;444444;1;Prueba 633
206366474;525;861329703;23566647;TRABA RETEN BARRAL H. CG TITAN;444444;1;Prueba 634
206366475;526;861329708;23566647;TRAVESAÑO MOVIL ZAN SOL 50;444444;1;Prueba 635
206366478;527;861329715;23566647;TUBO ASIENTO H. CG TITAN 00 ORIG.;444444;1;Prueba 636
206366480;528;861329720;23566647;TUBO ASIENTO H. VS;444444;1;Prueba 637
206366481;529;861329726;23566647;TUBO ASIENTO H. VS.;444444;1;Prueba 638
206366482;530;861329731;23566647;TUBO INT.BARRAL H. CG TODAY;444444;1;Prueba 639
206366484;531;861329738;23566647;TUERCA CIEGA S. AX 100 AMORT;444444;1;Prueba 640
206366485;532;861329743;23566647;PERNO INT. VAINA BARRAL H.;444444;1;Prueba 641
206366487;533;861329749;23566647;ARBOL LEVAS;444444;1;Prueba 642
206366490;534;861329761;23566647;ARBOL LEVAS H. C 100 BIZ;444444;1;Prueba 643
206366491;536;861329769;23566647;ARBOL LEVAS H. CB 250 TAIW;444444;1;Prueba 644
206366494;538;861329779;23566647;ARBOL LEVAS H. CG 125 (3 EN 1);444444;1;Prueba 645
206366496;539;861329785;23566647;ARBOL LEVAS H. CG 150 TAIWAN;444444;1;Prueba 646
206366499;540;861329794;23566647;ARBOL LEVAS H. STORM 125 ORIG.;444444;1;Prueba 647
206366503;542;861329806;23566647;ARBOL LEVAS H. CG TITAN 00 VINI;444444;1;Prueba 648
206366505;543;861329809;23566647;ARBOL LEVAS H. DAX 70;444444;1;Prueba 649
206366510;544;861329816;23566647;ARBOL LEVAS H. ELITE 80;444444;1;Prueba 650
206366512;545;861329820;23566647;ARBOL LEVAS H. NX 150 BR S/ RULEMAN;444444;1;Prueba 651
206366513;546;861329821;23566647;ARBOL LEVAS S. EN 125 EVERESTT;444444;1;Prueba 652
206366516;547;861329824;23566647;ARBOL LEVAS H. NX 150 / CBX;444444;1;Prueba 653
206366518;548;861329826;23566647;ARBOL LEVAS H. NX 350 SAHARA;444444;1;Prueba 654
206366520;549;861329828;23566647;ARBOL LEVAS H. NX 350 SAHARA;444444;1;Prueba 655
206366523;550;861329831;23566647;ARBOL LEVAS H. NX/CBX 150;444444;1;Prueba 656
206366524;551;861329832;23566647;ARBOL LEVAS ZANELLA PATAGONIA 250CH;444444;1;Prueba 657
206366526;552;861329834;23566647;ARBOL LEVAS H. XL 125 TOKO;444444;1;Prueba 658
206366527;553;861329835;23566647;ARBOL LEVAS H. XL 250 R TOKO;444444;1;Prueba 659
206366528;554;861329838;23566647;ARBOL LEVAS H. XLX 250 R;444444;1;Prueba 660
206366530;555;861329843;23566647;ARBOL LEVAS H. XR 100 TW;444444;1;Prueba 661
206366535;556;861329851;23566647;ARBOL LEVAS H. XR 100 TW;444444;1;Prueba 662
206366536;558;861329852;23566647;ARBOL LEVAS H. XR 200;444444;1;Prueba 663
206366537;559;861329853;23566647;ARBOL LEVAS H. XR 250 CHINO OK;444444;1;Prueba 664
206366538;560;861329854;23566647;ARBOL LEVAS H. XR 600 TW;444444;1;Prueba 665
206366539;561;861329855;23566647;ARBOL LEVAS HYOSUNG 125;444444;1;Prueba 666
206366540;562;861329856;23566647;ARBOL LEVAS K. KLR 250;444444;1;Prueba 667
206366542;563;861329858;23566647;ARBOL LEVAS S. DR 125 TW;444444;1;Prueba 668
206366547;564;861329868;23566647;ARBOL LEVAS S. DR 350 TW (94-98);444444;1;Prueba 669
206366548;565;861329879;23566647;ARBOL LEVAS Y. CRYPTON 100;444444;1;Prueba 670
206366550;566;861329887;23566647;ARBOL LEVAS Y. YBR 125;444444;1;Prueba 671
206366554;567;861329891;23566647;ARBOL LEVAS Y. YBR 125 CH;444444;1;Prueba 672
206366556;568;861329897;23566647;BUJE ARBOL LEVAS H. CB 250 20.0 MM;444444;1;Prueba 673
206366558;569;861329903;23566647;BUJE ARBOL LEVAS H. CB 250 18 MM;444444;1;Prueba 674
206366561;570;861329907;23566647;BUJE ARBOL LEVAS H. XR 250;444444;1;Prueba 675
206366564;571;861329911;23566647;EJE ARBOL LEVAS H. CG;444444;1;Prueba 676
206366565;572;861329912;23566647;EJE ARBOL LEVAS H. CG TITAN;444444;1;Prueba 677
206366566;573;861329916;23566647;EJE ARBOL LEVAS H. CG TITAN;444444;1;Prueba 678
206366567;574;861329920;23566647;EJE ARBOL LEVAS H. CG TITAN 00;444444;1;Prueba 679
206366568;575;861329923;23566647;EJE BALANCIN H. CG TITAN 00 ORIG. INFERIOR;444444;1;Prueba 680
206366570;577;861329925;23566647;LEVA DESCOMP. H. XR 600 /NX350;444444;1;Prueba 681
206366571;578;861329926;23566647;LEVA DESCOMP. H. NX 350;444444;1;Prueba 682
206366575;579;861329930;23566647;GIRO ZANELLA DUE 110 DER/IZQ.;444444;1;Prueba 683
206366577;580;861329932;23566647;TABLERO ZANELLA DUE 110;444444;1;Prueba 684
206366579;581;861329934;23566647;LEVA H. CG TODAY/TITAN TOKO;444444;1;Prueba 685
206366581;582;861329936;23566647;METAL BANCADA;444444;1;Prueba 686
206366582;583;861329937;23566647;METAL BANCADA H. VS.;444444;1;Prueba 687
206366584;584;861329938;23566647;METAL BANCADA H. XL TRANS.;444444;1;Prueba 688
206366585;585;861329940;23566647;METAL BANCADA K.;444444;1;Prueba 689
206366589;586;861329944;23566647;ORING EJE A. LEVAS H. CG TIT;444444;1;Prueba 690
206366590;587;861329945;23566647;RESORTE ARBOL LEVAS H.;444444;1;Prueba 691
206366592;588;861329948;23566647;TAPA ARBOL LEVAS VALV. H. SHADOW 750;444444;1;Prueba 692
206366593;589;861329949;23566647;TAPA ARBOL LEVAS VALV. S. DR 250;444444;1;Prueba 693
206366594;590;861329952;23566647;TRABA BUJE A. LEVAS H. CB 250;444444;1;Prueba 694
206366597;594;861329960;23566647;AROS DAELIM 0.25 NAC;444444;1;Prueba 695
206366600;595;861329973;23566647;AROS DAELIM 0.50 NAC;444444;1;Prueba 696
206366601;596;861329979;23566647;AROS DAELIM 0.75 NAC.;444444;1;Prueba 697
206366602;597;861329983;23566647;AROS DAELIM 1.00 TW;444444;1;Prueba 698
206366605;598;861329986;23566647;AROS DAELIM 50 0.50 NAC.;444444;1;Prueba 699
206366608;599;861329988;23566647;AROS DAELIM STD NAC.;444444;1;Prueba 700
206366610;600;861329994;23566647;AROS H. C 90 /DAX M/N 0.25 ORG;444444;1;Prueba 701
206366611;601;861330001;23566647;AROS H. C 90 /DAX M/N 0.25 TW;444444;1;Prueba 702
206366614;602;861330009;23566647;AROS H. C 90 /DAX M/N 0.50 JPN;444444;1;Prueba 703
206366618;603;861330017;23566647;AROS H. C 90 /DAX M/N 0.50 TW;444444;1;Prueba 704
206366619;604;861330025;23566647;AROS H. C 90 /DAX M/N 0.75 JPN;444444;1;Prueba 705
206366620;605;861330032;23566647;AROS H. C 90 /DAX M/N 0.75 TW;444444;1;Prueba 706
206366624;606;861330038;23566647;AROS H. C 90 /DAX M/N 1.00 JPN;444444;1;Prueba 707
206366626;607;861330040;23566647;AROS H. C 90 /DAX M/N 1.00 TW;444444;1;Prueba 708
206366628;608;861330042;23566647;AROS H. C 90 /DAX M/N 1.25 TW;444444;1;Prueba 709
206366630;609;861330044;23566647;AROS H. C 90 /DAX M/N 1.50 TW;444444;1;Prueba 710
206366631;610;861330045;23566647;AROS H. C 90 /DAX M/N 1.75 TW;444444;1;Prueba 711
206366633;611;861330047;23566647;AROS H. C 90 /DAX M/N 2.00 TW;444444;1;Prueba 712
206366635;612;861330049;23566647;AROS H. C 90 /DAX M/N STD TW;444444;1;Prueba 713
206366636;613;861330051;23566647;AROS H. C 90 /DAX M/V 0.25 JPN;444444;1;Prueba 714
206366638;614;861330059;23566647;AROS H. C 90 /DAX M/V 0.25 TW;444444;1;Prueba 715
206366640;615;861330067;23566647;AROS H. C 90 /DAX M/V 0.50 TW;444444;1;Prueba 716
206366642;616;861330075;23566647;AROS H. C 90 /DAX M/V 0.75 JPN;444444;1;Prueba 717
206366644;617;861330082;23566647;AROS H. C 90 /DAX M/V 0.75 TW;444444;1;Prueba 718
206366645;618;861330088;23566647;AROS H. C 90 /DAX M/V 1.00 TW;444444;1;Prueba 719
206366646;619;861330094;23566647;AROS H. C 90 /DAX M/V 1.25 TW;444444;1;Prueba 720
206366648;620;861330097;23566647;AROS H. C 90 /DAX M/V 1.50 TW;444444;1;Prueba 721
206366650;621;861330099;23566647;AROS H. C 90 /DAX M/V 1.75 TW;444444;1;Prueba 722
206366652;622;861330102;23566647;AROS H. C 90 /DAX M/V 2.00 TW;444444;1;Prueba 723
206366654;623;861330104;23566647;AROS H. C 90 /DAX M/V STD JPN;444444;1;Prueba 724
206366656;624;861330105;23566647;AROS H. C 90 /DAX M/V STD JPN;444444;1;Prueba 725
206366658;625;861330108;23566647;AROS H. C 90 /DAX M/V STD TW;444444;1;Prueba 726
206366660;626;861330112;23566647;AROS H. CB 250 0.25 JPN;444444;1;Prueba 727
206366663;627;861330120;23566647;AROS H. CB 250 0.50 JPN;444444;1;Prueba 728
206366664;628;861330124;23566647;AROS H. CB 250 STD JPN;444444;1;Prueba 729
206366667;629;861330130;23566647;AROS H. CB 250 STD ORIG.;444444;1;Prueba 730
206366670;630;861330139;23566647;AROS H. CB 400 0.25 JPN;444444;1;Prueba 731
206366673;631;861330146;23566647;AROS H. CB 400 0.50 JPN /GS450;444444;1;Prueba 732
206366675;632;861330156;23566647;AROS H. CB 400 0.50 TW;444444;1;Prueba 733
206366678;633;861330163;23566647;AROS H. CB 400 1.00 JPN /GS450;444444;1;Prueba 734
206366681;634;861330168;23566647;AROS H. CB 400 STD JPN;444444;1;Prueba 735
206366683;635;861330180;23566647;AROS H. CB 450 0.25 TOKO;444444;1;Prueba 736
206366686;636;861330188;23566647;AROS H. CB 450 0.50 JPN;444444;1;Prueba 737
206366688;637;861330190;23566647;AROS H. CB 450 0.75 JPN;444444;1;Prueba 738
206366693;638;861330195;23566647;AROS H. CB 450 0.75 TW TOKO;444444;1;Prueba 739
206366696;639;861330198;23566647;AROS H. CB 450 1.00 JPN;444444;1;Prueba 740
206366697;640;861330199;23566647;AROS H. CB 450 STD JPN;444444;1;Prueba 741
206366699;641;861330201;23566647;AROS H. CB/CBR 450 0.25 ORIG;444444;1;Prueba 742
206366700;642;861330202;23566647;AROS H. CB/CBR 450 0.50 ORIG;444444;1;Prueba 743
206366703;643;861330205;23566647;AROS H. CB/CBR 450 0.75 ORIG;444444;1;Prueba 744
206366704;644;861330206;23566647;AROS H. CB/CBR 450 0.75 ORIG;444444;1;Prueba 745
206366705;645;861330207;23566647;AROS H. CBX/NX 150 0.25 JPN;444444;1;Prueba 746
206366707;646;861330210;23566647;AROS H. CBX/NX 150 0.50 JPN;444444;1;Prueba 747
206366711;647;861330217;23566647;AROS H. CBX/NX 150 0.50 ORIG.;444444;1;Prueba 748
206366712;648;861330226;23566647;AROS H. CBX/NX 150 0.75 JPN;444444;1;Prueba 749
206366713;649;861330232;23566647;AROS H. CBX/NX 150 STD JPN;444444;1;Prueba 750
206366715;650;861330234;23566647;AROS H. CBX/NX 150 STD ORIG.;444444;1;Prueba 751
206366716;651;861330235;23566647;AROS H. CBX/NX 200 0.25 JPN;444444;1;Prueba 752
206366720;652;861330241;23566647;AROS H. CBX/NX 200 0.50 JPN;444444;1;Prueba 753
206366721;653;861330242;23566647;AROS H. CBX/NX 200 0.50 TW;444444;1;Prueba 754
206366723;654;861330244;23566647;AROS H. CBX/NX 200 0.75 JPN;444444;1;Prueba 755
206366724;655;861330245;23566647;AROS H. CBX/NX 200 1.00 TOKO;444444;1;Prueba 756
206366726;656;861330247;23566647;AROS H. CBX/NX 200 STD JPN;444444;1;Prueba 757
206366728;657;861330249;23566647;AROS H. CD 100 0.25 JPN;444444;1;Prueba 758
206366730;658;861330251;23566647;AROS H. CD 100 0.50 JPN;444444;1;Prueba 759
206366731;659;861330252;23566647;AROS H. CD 100 0.50 TW;444444;1;Prueba 760
206366732;660;861330253;23566647;AROS H. CD 100 0.75 JPN;444444;1;Prueba 761
206366736;662;861330257;23566647;AROS H. CD 100 1.00 JPN;444444;1;Prueba 762
206366737;663;861330258;23566647;AROS H. CD 100 1.00 TW;444444;1;Prueba 763
206366739;664;861330262;23566647;AROS H. CD 100 STD JPN;444444;1;Prueba 764
206366743;665;861330276;23566647;AROS H. CD 100 STD TW;444444;1;Prueba 765
206366744;666;861330282;23566647;AROS H. CG TITAN 150 0.25 JPN;444444;1;Prueba 766
206366745;667;861330284;23566647;AROS H. CG TITAN 150 0.50 JPN;444444;1;Prueba 767
206366747;668;861330288;23566647;AROS H. CG TITAN 150 0.75 JPN;444444;1;Prueba 768
206366750;669;861330294;23566647;AROS H. CG TITAN 150 1.00 JPN;444444;1;Prueba 769
206366751;670;861330296;23566647;AROS H. CG TITAN 150 STD JPN;444444;1;Prueba 770
206366754;671;861330302;23566647;AROS H. CG TITAN00 0.25 JPN;444444;1;Prueba 771
206366756;672;861330309;23566647;AROS H. CG TITAN00 0.25 TW;444444;1;Prueba 772
206366759;673;861330317;23566647;AROS H. CG TITAN00 0.50 JPN;444444;1;Prueba 773
206366764;674;861330327;23566647;AROS H. CG TITAN00 0.50 ORIG;444444;1;Prueba 774
206366766;675;861330339;23566647;AROS H. CG TITAN00 0.50 TW;444444;1;Prueba 775
206366768;676;861330351;23566647;AROS H. CG TITAN00 0.75 JPN;444444;1;Prueba 776
206366769;677;861330361;23566647;AROS H. CG TITAN00 1.00 JPN;444444;1;Prueba 777
206366770;678;861330368;23566647;AROS H. CG TITAN00 1.00 ORIG;444444;1;Prueba 778
206366771;679;861330373;23566647;AROS H. CG TITAN00 STD JPN;444444;1;Prueba 779
206366773;680;861330380;23566647;AROS H. CG TITAN00 STD ORIG;444444;1;Prueba 780
206366774;681;861330385;23566647;AROS H. CG TOD/TIT 0.25 JPN;444444;1;Prueba 781
206366776;682;861330391;23566647;AROS H. CG TOD/TIT 0.25 ORIG;444444;1;Prueba 782
206366778;683;861330402;23566647;AROS H. CG TOD/TIT 0.25 TW;444444;1;Prueba 783
206366779;684;861330409;23566647;AROS H. CG TOD/TIT 0.50 JPN;444444;1;Prueba 784
206366781;685;861330415;23566647;AROS H. CG TOD/TIT 0.75 JPN;444444;1;Prueba 785
206366782;686;861330420;23566647;AROS H. CG TOD/TIT 0.75 ORIG;444444;1;Prueba 786
206366784;687;861330427;23566647;AROS H. CG TOD/TIT 1.00 JPN;444444;1;Prueba 787
206366786;688;861330434;23566647;AROS H. CG TOD/TIT 1.00 ORIG;444444;1;Prueba 788
206366789;689;861330445;23566647;AROS H. CG TOD/TIT 1.00 TW;444444;1;Prueba 789
206366790;690;861330450;23566647;AROS H. CG TOD/TIT 1.25 JPN;444444;1;Prueba 790
206366792;691;861330459;23566647;AROS H. CG TOD/TIT 1.50 JPN;444444;1;Prueba 791
206366794;692;861330464;23566647;AROS H. CG TOD/TIT 1.75 JPN;444444;1;Prueba 792
206366796;693;861330468;23566647;AROS H. CG TOD/TIT 2.00 JPN;444444;1;Prueba 793
206366797;695;861330475;23566647;AROS H. CG TOD/TIT STD JPN;444444;1;Prueba 794
206366798;696;861330477;23566647;AROS H. CG TOD/TIT STD ORIG;444444;1;Prueba 795
206366800;697;861330479;23566647;AROS H. CG TOD/TIT STD TW;444444;1;Prueba 796
206366802;698;861330481;23566647;AROS H. CG/XL/CB 125 0.25 JPN;444444;1;Prueba 797
206366804;699;861330483;23566647;AROS H. CG/XL/CB 125 0.50 JPN;444444;1;Prueba 798
206366805;700;861330485;23566647;AROS H. CG/XL/CB 125 0.50 ORIG;444444;1;Prueba 799
206366806;701;861330486;23566647;AROS H. CG/XL/CB 125 0.50 TW;444444;1;Prueba 800
206366808;702;861330488;23566647;AROS H. CG/XL/CB 125 0.75 JPN;444444;1;Prueba 801
206366810;703;861330492;23566647;AROS H. CG/XL/CB 125 1.00 JPN;444444;1;Prueba 802
206366812;704;861330500;23566647;AROS H. CG/XL/CB 125 1.25 JPN;444444;1;Prueba 803
206366813;705;861330502;23566647;AROS H. CG/XL/CB 125 1.50 JPN;444444;1;Prueba 804
206366814;706;861330503;23566647;AROS H. CG/XL/CB 125 1.75 JPN;444444;1;Prueba 805
206366818;707;861330507;23566647;AROS H. CG/XL/CB 125 2.00 JPN;444444;1;Prueba 806
206366819;708;861330508;23566647;AROS H. CG/XL/CB 125 STD JPN;444444;1;Prueba 807
206366820;709;861330509;23566647;AROS H. CG/XL/CB 125 STD ORIG.;444444;1;Prueba 808
206366822;710;861330515;23566647;AROS H. CG/XL/CB 125 STD ORIG.;444444;1;Prueba 809
206366824;711;861330523;23566647;AROS H. CG/XL/CB 125 STD TW;444444;1;Prueba 810
206366827;712;861330538;23566647;AROS H. CR 125 1.00 JPN;444444;1;Prueba 811
206366828;713;861330552;23566647;AROS H. CR 125 M/VJO 1.50 JPN;444444;1;Prueba 812
206366830;714;861330564;23566647;AROS H. CR 80 0.25 ORIG.;444444;1;Prueba 813
206366832;715;861330571;23566647;AROS H. CR 80 STD JPN;444444;1;Prueba 814
206366834;716;861330580;23566647;AROS H. DAX 70 STD ORIG.;444444;1;Prueba 815
206366837;717;861330591;23566647;AROS H. DIO 50 1.00 JPN;444444;1;Prueba 816
206366839;718;861330598;23566647;AROS H. ELITE 150 0.25 JPN;444444;1;Prueba 817
206366841;719;861330606;23566647;AROS H. ELITE 150 1.00 JPN;444444;1;Prueba 818
206366843;720;861330614;23566647;AROS H. ELITE 150 STD JPN;444444;1;Prueba 819
206366845;721;861330622;23566647;AROS H. ELITE 50 0.50 ORIG.;444444;1;Prueba 820
206366847;722;861330632;23566647;AROS H. ELITE 50 0.50 TW;444444;1;Prueba 821
206366849;723;861330646;23566647;AROS H. ELITE 50 0.75 TW;444444;1;Prueba 822
206366851;724;861330655;23566647;AROS H. ELITE 50 1.00 TW;444444;1;Prueba 823
206366852;726;861330661;23566647;AROS H. ELITE 50 STD ORIG.;444444;1;Prueba 824
206366854;727;861330663;23566647;AROS H. ELITE 80 0.25 ORIG.;444444;1;Prueba 825
206366856;728;861330665;23566647;AROS H. ELITE 80 0.50 ORIG.;444444;1;Prueba 826
206366858;729;861330667;23566647;AROS H. ELITE 80 0.75 ORIG.;444444;1;Prueba 827
206366859;730;861330668;23566647;AROS H. ELITE 80 STD ORIG.;444444;1;Prueba 828
206366860;731;861330669;23566647;AROS H. MB 100 0.50 TW;444444;1;Prueba 829
206366861;732;861330670;23566647;AROS H. NH 100 STD ORIG.;444444;1;Prueba 830
206366862;733;861330673;23566647;AROS H. NS 50/JIALING STD TW;444444;1;Prueba 831
206366864;734;861330675;23566647;AROS H. NX 400 STD JPN FALCON;444444;1;Prueba 832
206366866;735;861330678;23566647;AROS H. NX/XL/XR 650 0.50 JPN;444444;1;Prueba 833
206366868;736;861330686;23566647;AROS H. NX/XL/XR 650 0.75 JPN;444444;1;Prueba 834
206366870;737;861330694;23566647;AROS H. NX/XL/XR 650 1.00 JPN;444444;1;Prueba 835
206366872;738;861330705;23566647;AROS H. NX/XL/XR 650 STD JPN;444444;1;Prueba 836
206366874;739;861330718;23566647;AROS H. NX/XL/XR 650 STD ORIG.;444444;1;Prueba 837
206366875;740;861330732;23566647;AROS H. CBX/NX 200 0.50 ORIG.;444444;1;Prueba 838
206366878;741;861330751;23566647;AROS H. SPACY 50 0.50 JPN;444444;1;Prueba 839
206366880;742;861330764;23566647;AROS H. TRX 200 STD ORIG;444444;1;Prueba 840
206366884;743;861330787;23566647;AROS H. VT 500 STD. HONDA;444444;1;Prueba 841
206366885;744;861330811;23566647;AROS H. XL 600 STD JPN;444444;1;Prueba 842
206366888;745;861330829;23566647;AROS H. XL 600 STD ORIG.;444444;1;Prueba 843
206366889;746;861330838;23566647;AROS H. XL 650 0.25 ORIG.;444444;1;Prueba 844
206366891;747;861330849;23566647;AROS H. XLX 250 STD JPN;444444;1;Prueba 845
206366892;748;861330858;23566647;AROS H. XLX/NX 350 0.25 JPN;444444;1;Prueba 846
206366893;749;861330869;23566647;AROS H. XLX/NX 350 0.50 TOKO;444444;1;Prueba 847
206366894;750;861330880;23566647;AROS H. XLX/NX 350 1.00 JPN;444444;1;Prueba 848
206366895;751;861330889;23566647;AROS H. XLX/NX 350 STD JPN;444444;1;Prueba 849
206366897;752;861330900;23566647;AROS H. XLX/NX 350 0.75 JPN;444444;1;Prueba 850
206366899;753;861330910;23566647;AROS H. XLX/NX 350 0.75 TOKO;444444;1;Prueba 851
206366900;754;861330921;23566647;AROS H. XR 100 STD ORIG.;444444;1;Prueba 852
206366901;755;861330930;23566647;AROS H. XR 250 1.00 JPN;444444;1;Prueba 853
206366902;756;861330941;23566647;AROS H. XR 250 M/N 0.25 TORNADO JPN;444444;1;Prueba 854
206366903;757;861330953;23566647;AROS H. XR 250 M/N 0.50 TORNADO JPN;444444;1;Prueba 855
206366904;758;861330962;23566647;AROS H. XR 250 STD JPN;444444;1;Prueba 856
206366905;759;861330963;23566647;AROS H. XR 250 STD ORIG.;444444;1;Prueba 857
206366909;760;861330971;23566647;AROS H. XR 400 STD JPN;444444;1;Prueba 858
206366911;761;861330984;23566647;AROS H. XR 600 0.25 JPN;444444;1;Prueba 859
206366914;762;861330998;23566647;AROS H. XR 600 0.25 ORIG.;444444;1;Prueba 860
206366916;763;861331009;23566647;AROS H. XR 600 0.50 ORIG.;444444;1;Prueba 861
206366918;764;861331021;23566647;AROS H. XR 600 STD JPN;444444;1;Prueba 862
206366921;765;861331035;23566647;AROS HERO PUCH 0.40 HINDU;444444;1;Prueba 863
206366924;766;861331057;23566647;AROS HERO PUCH 0.60 HINDU;444444;1;Prueba 864
206366926;767;861331080;23566647;AROS HERO PUCH 0.80 HINDU;444444;1;Prueba 865
206366927;768;861331109;23566647;AROS HERO PUCH 1.00 HINDU;444444;1;Prueba 866
206366931;769;861331131;23566647;AROS HERO PUCH 1.50 HINDU;444444;1;Prueba 867
206366934;770;861331158;23566647;AROS K. EX 500 0.50 JPN;444444;1;Prueba 868
206366937;771;861331191;23566647;AROS K. GTO 110 1.00 JPN;444444;1;Prueba 869
206366938;772;861331217;23566647;AROS K. KE 125 STD JPN;444444;1;Prueba 870
206366939;773;861331236;23566647;AROS K. KLR 650 STD JPN;444444;1;Prueba 871
206366940;774;861331259;23566647;AROS K. KMX 125 0.75 JPN;444444;1;Prueba 872
206366941;775;861331279;23566647;AROS K. KMX 125 1.00 JPN;444444;1;Prueba 873
206366942;776;861331307;23566647;AROS K. KMX 125 STD JPN;444444;1;Prueba 874
206366944;777;861331329;23566647;AROS K. KZ 440 STD JPN;444444;1;Prueba 875
206366946;778;861331344;23566647;AROS K. KZ 440 STD TW;444444;1;Prueba 876
206366947;779;861331356;23566647;AROS K. KZ 550 STD JPN;444444;1;Prueba 877
206366950;780;861331371;23566647;AROS K. NINJA 250 1.00 JPN;444444;1;Prueba 878
206366951;781;861331387;23566647;AROS K. ZX 6 STD ORIG.;444444;1;Prueba 879
206366952;782;861331393;23566647;AROS K. ZX-6 STD;444444;1;Prueba 880
206366955;783;861331401;23566647;AROS MORINI 0.25;444444;1;Prueba 881
206366956;784;861331407;23566647;AROS MORINI 0.75;444444;1;Prueba 882
206366958;785;861331414;23566647;AROS MORINI 1.00;444444;1;Prueba 883
206366959;786;861331422;23566647;AROS MORINI 1.25;444444;1;Prueba 884
206366962;787;861331433;23566647;PORTA U EXOCET GRANITO;444444;1;Prueba 885
206366963;788;861331444;23566647;AROS MORINI 1.75;444444;1;Prueba 886
206366964;789;861331454;23566647;AROS MORINI 2.00;444444;1;Prueba 887
206366965;790;861331464;23566647;AROS MORINI STD TW;444444;1;Prueba 888
206366967;792;861331472;23566647;AROS S. AE 100 STD JPN;444444;1;Prueba 889
206366968;793;861331480;23566647;AROS S. AE 50 0.25 TW;444444;1;Prueba 890
206366969;794;861331486;23566647;AROS S. AE 50 0.50 TW;444444;1;Prueba 891
206366970;795;861331492;23566647;AROS S. AE 50 0.75 TW;444444;1;Prueba 892
206366971;796;861331498;23566647;AROS S. AE 50 1.00 TW;444444;1;Prueba 893
206366973;797;861331501;23566647;AROS S. AE 50 STD TW;444444;1;Prueba 894
206366976;798;861331505;23566647;AROS S. AX 100 0.25 JPN;444444;1;Prueba 895
206366978;799;861331510;23566647;AROS S. AX 100 0.25 TW;444444;1;Prueba 896
206366979;800;861331513;23566647;AROS S. AX 100 0.50 JPN;444444;1;Prueba 897
206366983;801;861331518;23566647;AROS S. AX 100 0.50 TW;444444;1;Prueba 898
206366984;802;861331521;23566647;AROS S. AX 100 0.75 JPN;444444;1;Prueba 899
206366986;803;861331524;23566647;AROS S. AX 100 0.75 TW;444444;1;Prueba 900
206366989;804;861331529;23566647;AROS S. AX 100 1.00 JPN;444444;1;Prueba 901
206366991;805;861331541;23566647;AROS S. AX 100 1.00 TW;444444;1;Prueba 902
206366993;806;861331554;23566647;AROS S. AX 100 1.50 JPN;444444;1;Prueba 903
206366996;807;861331570;23566647;AROS S. AX 100 STD JPN;444444;1;Prueba 904
206366999;808;861331586;23566647;AROS S. AX 100 STD TW;444444;1;Prueba 905
206367000;809;861331593;23566647;AROS S. GS 500 STD JPN /XL 250;444444;1;Prueba 906
206367001;810;861331601;23566647;AROS S. TS 125 STD TW;444444;1;Prueba 907
206367005;811;861331617;23566647;AROS Y. AXIS 90 1.75 TW;444444;1;Prueba 908
206367006;812;861331630;23566647;AROS Y. AXIS STD TW;444444;1;Prueba 909
206367008;813;861331643;23566647;AROS Y. DT 175 M/NVO 0.75 JPN;444444;1;Prueba 910
206367011;814;861331661;23566647;AROS Y. DT 200-BLASTER STD;444444;1;Prueba 911
206367014;815;861331675;23566647;AROS Y. FZR 600 STD;444444;1;Prueba 912
206367016;816;861331694;23566647;AROS Y. MAXIM 650;444444;1;Prueba 913
206367017;817;861331706;23566647;AROS Y. RX 100 M/N STD TW;444444;1;Prueba 914
206367019;818;861331715;23566647;AROS Y. RX 100 M/V STD TW;444444;1;Prueba 915
206367020;819;861331723;23566647;AROS Y. RX 115 0.25 JPN;444444;1;Prueba 916
206367021;820;861331728;23566647;AROS Y. RX 115 0.50 JPN;444444;1;Prueba 917
206367023;821;861331734;23566647;AROS Y. RX 115 STD JPN;444444;1;Prueba 918
206367025;822;861331738;23566647;AROS Y. RX 125 /DT 125 STD JPN;444444;1;Prueba 919
206367026;823;861331739;23566647;AROS Y. VR 150 STD JPN;444444;1;Prueba 920
206367027;824;861331740;23566647;AROS Y. XT 225 1.00 JPN;444444;1;Prueba 921
206367028;825;861331741;23566647;AROS Y. XT 600 STD JPN / DR 650 STD;444444;1;Prueba 922
206367030;826;861331744;23566647;AROS Y. YBR 125 0.25 JPN;444444;1;Prueba 923
206367033;827;861331747;23566647;AROS Y. YBR 125 0.50 JPN;444444;1;Prueba 924
206367034;828;861331748;23566647;AROS Y. YBR 125 0.75 JPN;444444;1;Prueba 925
206367036;829;861331750;23566647;AROS Y. YBR 125 1.00 JPN;444444;1;Prueba 926
206367039;830;861331753;23566647;AROS Y. YBR 125 STD JPN;444444;1;Prueba 927
206367042;831;861331757;23566647;AROS Y. YZ 125;444444;1;Prueba 928
206367045;833;861331761;23566647;AROS ZAN. 50 DUE/SOL 48.25 NAC;444444;1;Prueba 929
206367046;834;861331762;23566647;AROS ZAN. DUE 0.50 NAC.;444444;1;Prueba 930
206367048;835;861331765;23566647;PORTA U EXOCET GRANDE / MEDIANO;444444;1;Prueba 931
206367051;836;861331769;23566647;AROS ZANELLA 51.25 MM.;444444;1;Prueba 932
206367052;837;861331770;23566647;AROS ZANELLA 51.50 MM.;444444;1;Prueba 933
206367054;838;861331772;23566647;AROS ZANELLA 51.75 MM.;444444;1;Prueba 934
206367057;840;861331775;23566647;BENDIX ARR. GILERA SMASH;444444;1;Prueba 935
206367060;841;861331778;23566647;BENDIX ARR. H.;444444;1;Prueba 936
206367063;842;861331781;23566647;BENDIX ARR. H.;444444;1;Prueba 937
206367066;843;861331784;23566647;BENDIX ARR. H. CBR 450 ORIG.;444444;1;Prueba 938
206367070;844;861331788;23566647;BENDIX ARR. H. CBX / NX 150 ORIG.;444444;1;Prueba 939
206367072;845;861331794;23566647;BENDIX ARR. H. CBX / NX 200;444444;1;Prueba 940
206367074;846;861331801;23566647;BENDIX ARR. H. STORM 125;444444;1;Prueba 941
206367077;847;861331809;23566647;BENDIX ARR. H. NX 350;444444;1;Prueba 942
206367078;848;861331813;23566647;BENDIX ARR. Y. AXIS 90 COMPL;444444;1;Prueba 943
206367081;849;861331816;23566647;BENDIX ARR. Y. MINT;444444;1;Prueba 944
206367085;850;861331820;23566647;BENDIX ARR. Y. SRX 250;444444;1;Prueba 945
206367087;851;861331822;23566647;BENDIX ARR. Y. YBR 125 MGA;444444;1;Prueba 946
206367090;852;861331825;23566647;BURRO ARR. CY 80;444444;1;Prueba 947
206367093;853;861331833;23566647;BURRO ARR. GILERA SMASH OK;444444;1;Prueba 948
206367096;854;861331840;23566647;BURRO ARR. H. DIO 50 CHB;444444;1;Prueba 949
206367099;855;861331850;23566647;BURRO ARR. H. ECONO C-90;444444;1;Prueba 950
206367104;856;861331863;23566647;BURRO ARR. H. ELITE 150 CHB;444444;1;Prueba 951
206367106;857;861331866;23566647;BURRO ARR. H. ELITE 50 CHB;444444;1;Prueba 952
206367108;858;861331869;23566647;BURRO ARR. H. ELITE 80 CH.;444444;1;Prueba 953
206367109;859;861331870;23566647;BURRO ARR. H. LEAD 80 TW;444444;1;Prueba 954
206367110;860;861331872;23566647;BURRO ARR. H. MONDIAL HD 125 CHB;444444;1;Prueba 955
206367112;861;861331877;23566647;BURRO ARR. S. GS 125;444444;1;Prueba 956
206367113;862;861331883;23566647;BURRO ARR. Y. AXIS 90;444444;1;Prueba 957
206367117;863;861331890;23566647;BURRO ARR. Y. JOG 50;444444;1;Prueba 958
206367118;864;861331899;23566647;BURRO ARR. Y. JOG 50;444444;1;Prueba 959
206367123;865;861331911;23566647;CAPTOR H. CBX 150;444444;1;Prueba 960
206367125;866;861331924;23566647;CAPUCHON RESORTE DE BENDIX K.;444444;1;Prueba 961
206367128;867;861331932;23566647;CARBON ARR. H. CBX 250 TWISTER JGO.;444444;1;Prueba 962
206367130;868;861331940;23566647;CARBON ARR. H. CG TITAN 150 JGO.;444444;1;Prueba 963
206367132;869;861331945;23566647;CARBON ARR. H. VRS;444444;1;Prueba 964
206367133;870;861331950;23566647;PALANCAS CUBIERTAS (CHICA);444444;1;Prueba 965
206367136;871;861331954;23566647;CARBON ARR. H. VS. C/TORNILLO;444444;1;Prueba 966
206367140;872;861331966;23566647;CATRACA H. CG TITAN PAT;444444;1;Prueba 967
206367144;873;861331980;23566647;CRIQUET ARR. S. AD 50/60 CHB;444444;1;Prueba 968
206367145;874;861331987;23566647;CAZOLETA ARR. S. AD 50-60;444444;1;Prueba 969
206367147;875;861331994;23566647;COPITA ARR. H. ELITE 50;444444;1;Prueba 970
206367151;876;861332003;23566647;COPITA ARR. H. ELITE 50;444444;1;Prueba 971
206367152;877;861332009;23566647;CORONA ARR. H. CBR 450 ORIG.;444444;1;Prueba 972
206367153;878;861332014;23566647;CORONA ARR. H. NX 150;444444;1;Prueba 973
206367154;879;861332020;23566647;CORONA ARR. Y. YBR 125;444444;1;Prueba 974
206367158;880;861332030;23566647;CORONA ARR. K. EN 500;444444;1;Prueba 975
206367159;881;861332037;23566647;CORREDIZO ARR. EVE 50;444444;1;Prueba 976
206367160;882;861332044;23566647;CORREDIZO ARR. H. TACT 50;444444;1;Prueba 977
206367163;883;861332052;23566647;CORREDIZO ARR. S. FA-SHOOP;444444;1;Prueba 978
206367165;885;861332062;23566647;CRIQUET ARR. S. AD 50/60;444444;1;Prueba 979
206367168;886;861332078;23566647;CRIQUET ARR. S. ADRESS 50/60;444444;1;Prueba 980
206367170;887;861332088;23566647;CRIQUET ARR. H. XR 200;444444;1;Prueba 981
206367172;888;861332100;23566647;CUERDA ARR. H. FOURTRAX;444444;1;Prueba 982
206367173;889;861332107;23566647;FAROL STOP ZANELLA DUE 110;444444;1;Prueba 983
206367175;890;861332113;23566647;DISCO ARR. JIALING 6 PATAS;444444;1;Prueba 984
206367177;891;861332126;23566647;EJE PAT. C/MEDIAL. H. DIO 50;444444;1;Prueba 985
206367178;892;861332133;23566647;EJE PAT. C/MEDIAL. H. DIO 50;444444;1;Prueba 986
206367180;893;861332139;23566647;EJE PAT. C/MEDIAL. H. DIO 50;444444;1;Prueba 987
206367184;894;861332146;23566647;EJE PAT. C/MEDIAL. S. AD 50;444444;1;Prueba 988
206367186;895;861332148;23566647;EJE PAT. C/MEDIAL. S. AG 50;444444;1;Prueba 989
206367190;896;861332154;23566647;EJE PAT. C/MEDIAL. S. AG 50 TR;444444;1;Prueba 990
206367191;897;861332160;23566647;EJE PAT. C/MEDIAL. S. FA 50;444444;1;Prueba 991
206367196;898;861332164;23566647;EJE PAT. C/MEDIAL. S. GY6 125;444444;1;Prueba 992
206367198;899;861332167;23566647;EJE PAT. C/MEDIAL. TRIA DER.;444444;1;Prueba 993
206367199;900;861332168;23566647;EJE PAT. C/MEDIAL. TRIA KENIA;444444;1;Prueba 994
206367200;901;861332169;23566647;EJE PAT. C/MEDIAL. Y. AXIS 90;444444;1;Prueba 995
206367203;902;861332172;23566647;EJE PAT. C/MEDIAL. Y. AXIS 90;444444;1;Prueba 996
206367206;903;861332184;23566647;EJE PAT. C/MEDIAL. Y. JOG 50;444444;1;Prueba 997
206367207;904;861332191;23566647;EJE PAT. H. C 100 BIZ;444444;1;Prueba 998
206367210;905;861332206;23566647;EJE PAT. H. C 100 BIZ CHB;444444;1;Prueba 999
206367211;906;861332213;23566647;EJE PAT. H. C 100 BIZ;444444;1;Prueba 1000
206367213;907;861332221;23566647;EJE PAT. H. C 90 CHB;444444;1;Prueba 1001
206367215;908;861332232;23566647;EJE PAT. H. CG TODAS;444444;1;Prueba 1002
206367217;909;861332241;23566647;EJE PAT. H. XL 250R TOKO;444444;1;Prueba 1003
206367218;910;861332255;23566647;EJE PAT. H. XLX 250R;444444;1;Prueba 1004
206367222;911;861332264;23566647;EJE PAT. H. XR 600 COLOTA;444444;1;Prueba 1005
206367226;912;861332280;23566647;EJE PAT. H. XR 600 RL/RM/RN;444444;1;Prueba 1006
206367227;913;861332292;23566647;EJE PAT. H. XR 80;444444;1;Prueba 1007
206367228;914;861332304;23566647;EJE PAT. S. AX 100;444444;1;Prueba 1008
206367229;915;861332316;23566647;EJE PAT. Y. RX 125;444444;1;Prueba 1009
206367231;916;861332328;23566647;EJE PAT. Y. V-80;444444;1;Prueba 1010
206367233;917;861332340;23566647;EJE PAT. Y. XT 350;444444;1;Prueba 1011
206367236;918;861332352;23566647;EJE PAT. ZAN. 50 C/CHABETERO;444444;1;Prueba 1012
206367240;919;861332376;23566647;ENGR. H. CG TITAN ARR. Z-29;444444;1;Prueba 1013
206367242;920;861332396;23566647;ENGR. H. ELITE 50 ARR. CHB;444444;1;Prueba 1014
206367243;921;861332411;23566647;ENGR. MORINI CORREDIZO ARR.;444444;1;Prueba 1015
206367245;922;861332421;23566647;ENGR. S. AX 100 ARRANQUE 33T;444444;1;Prueba 1016
206367247;923;861332429;23566647;ENGR. S. AX 100 PAT.ARR.;444444;1;Prueba 1017
206367248;924;861332435;23566647;ENGR. ZANELLA 50 ARR.;444444;1;Prueba 1018
206367252;925;861332445;23566647;GOMA PAT.ARR. H. CG TODAY;444444;1;Prueba 1019
206367253;926;861332452;23566647;KIT REP.BENDIX GILERA SMASH;444444;1;Prueba 1020
206367254;927;861332458;23566647;KIT REP.BENDIX H. CB 250;444444;1;Prueba 1021
206367259;928;861332474;23566647;KIT REP.BENDIX S. DR 125/ GS;444444;1;Prueba 1022
206367261;929;861332488;23566647;KIT REP.BENDIX SCOOTER;444444;1;Prueba 1023
206367265;930;861332505;23566647;MUÑECO PAT. H. XR 250 91/9..;444444;1;Prueba 1024
206367267;931;861332521;23566647;MUÑECO PAT. H. XR 600;444444;1;Prueba 1025
206367268;932;861332541;23566647;PAT.ARR. GARELLI CHB;444444;1;Prueba 1026
206367269;933;861332553;23566647;PAT.ARR. GILERA SMASH / C90;444444;1;Prueba 1027
206367274;934;861332572;23566647;PAT.ARR. GILERA SAHEL/MOTOMEL S2 NSU;444444;1;Prueba 1028
206367276;935;861332591;23566647;PAT.ARR. H. C90 ECONO;444444;1;Prueba 1029
206367279;936;861332605;23566647;PAT.ARR. H. CD 100;444444;1;Prueba 1030
206367281;937;861332617;23566647;PAT.ARR. H. CG 125;444444;1;Prueba 1031
206367282;938;861332629;23566647;PAT.ARR. H. CG TITAN;444444;1;Prueba 1032
206367283;939;861332642;23566647;PAT.ARR. H. CG TITAN;444444;1;Prueba 1033
206367284;940;861332649;23566647;PAT.ARR. H. CG TITAN 150 NSU;444444;1;Prueba 1034
206367286;941;861332656;23566647;PAT.ARR. H. CG TODAY/TITAN OKINOI;444444;1;Prueba 1035
206367287;942;861332662;23566647;PAT.ARR. H. CR 250;444444;1;Prueba 1036
206367289;943;861332672;23566647;PAT.ARR. H. CR 80 NAC.;444444;1;Prueba 1037
206367291;944;861332680;23566647;PAT.ARR. H. MB 100 CHB;444444;1;Prueba 1038
206367293;945;861332686;23566647;PAT.ARR. H. XLX 250/350;444444;1;Prueba 1039
206367294;946;861332693;23566647;PAT.ARR. H. WAVE 110;444444;1;Prueba 1040
206367296;947;861332701;23566647;PAT.ARR. H. XL 125;444444;1;Prueba 1041
206367298;948;861332705;23566647;PAT.ARR. H. XL 250 BRASIL;444444;1;Prueba 1042
206367299;949;861332710;23566647;PAT.ARR. H. XLX 250;444444;1;Prueba 1043
206367301;950;861332716;23566647;PAT.ARR. H. XR 100;444444;1;Prueba 1044
206367302;951;861332725;23566647;PAT.ARR. H. XR 200R / XL 125 NSU;444444;1;Prueba 1045
206367304;952;861332734;23566647;PAT.ARR. H. XR 250 OKINOI/NSU;444444;1;Prueba 1046
206367307;953;861332739;23566647;PAT.ARR. H. XR 250 NAC.;444444;1;Prueba 1047
206367309;954;861332748;23566647;PAT.ARR. H. XR 250 R/L;444444;1;Prueba 1048
206367312;955;861332754;23566647;PAT.ARR. H. XR 600 OKINOI;444444;1;Prueba 1049
206367313;956;861332761;23566647;PAT.ARR. H. XR 600 ORIG.;444444;1;Prueba 1050
206367315;957;861332763;23566647;PAT.ARR. K. GTO 110 CHB;444444;1;Prueba 1051
206367317;958;861332765;23566647;PAT.ARR. K. KLR 250;444444;1;Prueba 1052
206367320;959;861332769;23566647;PAT.ARR. K. KLX 250;444444;1;Prueba 1053
206367321;960;861332776;23566647;PAT.ARR. K. KMX 125 HIDRAULICA ARGENTINA;444444;1;Prueba 1054
206367323;961;861332783;23566647;PAT.ARR. K. KX 80;444444;1;Prueba 1055
206367325;962;861332796;23566647;PAT.ARR. K. KZ 400/440;444444;1;Prueba 1056
206367327;963;861332808;23566647;PAT.ARR. K. NEOMAX;444444;1;Prueba 1057
206367328;964;861332824;23566647;PAT.ARR. MORINI;444444;1;Prueba 1058
206367330;965;861332837;23566647;PAT.ARR. MORINI 50;444444;1;Prueba 1059
206367332;966;861332854;23566647;PAT.ARR. S. AX 100 NSU;444444;1;Prueba 1060
206367334;967;861332868;23566647;PAT.ARR. S. FB 100;444444;1;Prueba 1061
206367335;968;861332879;23566647;PAT.ARR. S. TS 125 / DR125 CHB;444444;1;Prueba 1062
206367337;969;861332891;23566647;PAT.ARR. Y. DT 125;444444;1;Prueba 1063
206367338;970;861332903;23566647;PAT.ARR. Y. DT 125 NEG.;444444;1;Prueba 1064
206367344;971;861332925;23566647;PAT.ARR. Y. DT 200;444444;1;Prueba 1065
206367346;972;861332947;23566647;PAT.ARR. Y. JOG 50;444444;1;Prueba 1066
206367350;973;861332967;23566647;PAT.ARR. Y. RX 100/115/125 CHB;444444;1;Prueba 1067
206367351;974;861332983;23566647;PAT.ARR. Y. RX 115 CROMADA;444444;1;Prueba 1068
206367352;975;861332998;23566647;PAT.ARR. Y. SIGMA 100 OKINOI;444444;1;Prueba 1069
206367354;976;861333012;23566647;PAT.ARR. Y. V-80;444444;1;Prueba 1070
206367355;977;861333018;23566647;PAT.ARR. Y. XTZ 125 STD;444444;1;Prueba 1071
206367362;978;861333030;23566647;PAT.ARR. Y. YBR 125;444444;1;Prueba 1072
206367369;979;861333044;23566647;PAT.ARR. Y. YBR 125;444444;1;Prueba 1073
206367370;980;861333053;23566647;PAT.ARR. ZANELLA DUE NSU;444444;1;Prueba 1074
206367372;981;861333058;23566647;PAT.ARR. ZAN. LARGA CHB;444444;1;Prueba 1075
206367373;982;861333059;23566647;PERNO BENDIX H.;444444;1;Prueba 1076
206367375;983;861333061;23566647;PERNO BENDIX H. CB 250;444444;1;Prueba 1077
206367378;984;861333064;23566647;PERNO BENDIX H. NACIONAL;444444;1;Prueba 1078
206367380;985;861333066;23566647;PERNO ENG.ARR. H. NX;444444;1;Prueba 1079
206367384;986;861333069;23566647;PERNO PAT.ARR. S. AX 100;444444;1;Prueba 1080
206367387;987;861333074;23566647;PERNO PAT.ARR. S. AX 100;444444;1;Prueba 1081
206367390;988;861333081;23566647;PIÑON ARR. GARELLI 50;444444;1;Prueba 1082
206367393;989;861333084;23566647;PIÑON ARR. GARELLI TEAM;444444;1;Prueba 1083
206367397;990;861333091;23566647;PIÑON ARR. H. C 70 / 90 / 100 CHB;444444;1;Prueba 1084
206367399;991;861333095;23566647;PIÑON ARR. Y. JOG 50;444444;1;Prueba 1085
206367401;992;861333097;23566647;PIÑON ARR. H. DIO 50 C/RES.;444444;1;Prueba 1086
206367404;993;861333101;23566647;PIÑON ARR. H. DIO 50 C/RES.;444444;1;Prueba 1087
206367408;994;861333107;23566647;PIÑON ARR. H. DIO 50 C/RES.;444444;1;Prueba 1088
206367412;995;861333113;23566647;PIÑON ARR. H. DIO 50 C/RES.;444444;1;Prueba 1089
206367415;996;861333123;23566647;PIÑON ARR. H. DIO 50 C/RESORTE;444444;1;Prueba 1090
206367418;997;861333132;23566647;PIÑON ARR. JIALING/KENIA;444444;1;Prueba 1091
206367421;998;861333141;23566647;PIÑON ARR. JIALING/KENIA C/RES;444444;1;Prueba 1092
206367425;999;861333145;23566647;PIÑON ARR. S. AD 50 C/RES.;444444;1;Prueba 1093
206367428;1000;861333148;23566647;PIÑON ARR. S. FA 50 C/RES.;444444;1;Prueba 1094
206367429;1001;861333150;23566647;PIÑON ARR. Y. AXIS 90;444444;1;Prueba 1095
206367432;1002;861333157;23566647;PIÑON ARR. Y. AXIS 90 C/RESORT;444444;1;Prueba 1096
206367434;1003;861333160;23566647;PIÑON ARR. ZAN. 50 VR;444444;1;Prueba 1097
206367438;1004;861333164;23566647;PLAQ.PORTA CARBONES H. VS;444444;1;Prueba 1098
206367440;1005;861333167;23566647;PLAQ.PORTA CARBONES H. VS ORIG.;444444;1;Prueba 1099
206367446;1006;861333175;23566647;PLAQ.PORTA CARBONES H. VS.;444444;1;Prueba 1100
206367449;1007;861333181;23566647;CAJA ZANELLA RX 150 STD COMPLETA;444444;1;Prueba 1101
206367450;1008;861333182;23566647;PLATO ARR. H. ELITE 80;444444;1;Prueba 1102
206367456;1009;861333191;23566647;PLATO ARR. H. LEAD 50;444444;1;Prueba 1103
206367458;1010;861333202;23566647;PLATO ARR. H. LX 50;444444;1;Prueba 1104
206367462;1011;861333221;23566647;PLATO ROLDANA ARR. H. ATV VS.;444444;1;Prueba 1105
206367464;1012;861333234;23566647;RESORTE ARR. H. FOURTRAX ATV;444444;1;Prueba 1106
206367465;1013;861333241;23566647;RESORTE BENDIX H. CBR 450;444444;1;Prueba 1107
206367469;1014;861333249;23566647;RESORTE BENDIX H. VS.;444444;1;Prueba 1108
206367471;1015;861333258;23566647;RESORTE PAT.ARR. H. CG EXTER.;444444;1;Prueba 1109
206367477;1016;861333276;23566647;RESORTE PLATO ROLD.ARR. H. ATV;444444;1;Prueba 1110
206367480;1017;861333290;23566647;RODILLO BENDIX H. CB 250;444444;1;Prueba 1111
206367483;1018;861333304;23566647;RODILLO BENDIX H. CB 250;444444;1;Prueba 1112
206367485;1019;861333318;23566647;RODILLO BENDIX H. CB 250 JGO;444444;1;Prueba 1113
206367489;1020;861333336;23566647;RODILLO BENDIX H. CBR 450 ORIG.;444444;1;Prueba 1114
206367492;1022;861333353;23566647;ROLDANA CUERDA ARR. H. VS.;444444;1;Prueba 1115
206367496;1023;861333371;23566647;SELECTOR ARR. H. ELITE 50;444444;1;Prueba 1116
206367500;1024;861333391;23566647;SELECTOR ARR. H. EVE 50;444444;1;Prueba 1117
206367502;1025;861333408;23566647;SELECTOR ARR. H. LX 50;444444;1;Prueba 1118
206367504;1026;861333415;23566647;TAPA MOTOR MORINI PAT.ARR.;444444;1;Prueba 1119
206367505;1027;861333416;23566647;TORNILLO PLATO ARR. H. ATV VS;444444;1;Prueba 1120
206367506;1028;861333417;23566647;CARCAZA TABL.SUP. Y. YBR 125 CHINA EVERESTT;444444;1;Prueba 1121
206367508;1029;861333420;23566647;TUERCA VARIADOR S. AD 50/60;444444;1;Prueba 1122
